"ID";"ParentID";"File";"DescriptionLevel";"Title";"Description";"OriginatingSystemId";"RegisteredDate";"Requirer.Identifier";"Requirer.BirthName";"Requirer.FirstName";"Event.EventTypeCode";"Event.EventDateTime";"Event.Outcome"
"ID0";"ID0";;"RecordGrp";"Dossiers";"Ensemble des dossiers archivés de la procédure Cerfa-1244771";;;;;;;;
"ID10000";"ID0";;"RecordGrp";"Cerfa-1244771-ID10000";;"ID10000";"2104-05-13T00:00:00";"REF-16F14A19BF22";"AFINA";"Edouard";"Avis administratif";"2104-05-31T01:00:00";"OK"
"ID10000-13-05-04-Cerfa1244771-Annexe1.odt";"ID10000";"Procedure\Dossiers\ID10000-13-05-04-Cerfa1244771-Annexe1.odt";"Item";"13-05-04-Cerfa1244771-Annexe1";;;;;;;;;
"ID10000-13-05-04-Cerfa1244771-Annexe2.odt";"ID10000";"Procedure\Dossiers\ID10000-13-05-04-Cerfa1244771-Annexe2.odt";"Item";"13-05-04-Cerfa1244771-Annexe2";;;;;;;;;
"ID10000-13-05-04-Cerfa1244771.odt";"ID10000";"Procedure\Dossiers\ID10000-13-05-04-Cerfa1244771.odt";"Item";"13-05-04-Cerfa1244771";;;;;;;;;
"ID10000-13-05-04-file.xml";"ID10000";"Procedure\Dossiers\ID10000-13-05-04-file.xml";"Item";"13-05-04-file";;;;;;;;;
"ID10000-13-05-04-réponse.pdf";"ID10001";"Procedure\Dossiers\ID10000-13-05-04-réponse.pdf";"Item";"13-05-04-réponse";;;;;;;;;
"ID10001";"ID0";;"RecordGrp";"Cerfa-1244771-ID10001";;"ID10001";"2104-05-26T00:00:00";"REF-77B49EA5F279";"BOURG";"Edouard";"Avis administratif";"2104-06-06T08:00:00";"OK"
"ID10001-26-05-04-Cerfa1244771-Annexe1.odt";"ID10001";"Procedure\Dossiers\ID10001-26-05-04-Cerfa1244771-Annexe1.odt";"Item";"26-05-04-Cerfa1244771-Annexe1";;;;;;;;;
"ID10001-26-05-04-Cerfa1244771-Annexe2.odt";"ID10001";"Procedure\Dossiers\ID10001-26-05-04-Cerfa1244771-Annexe2.odt";"Item";"26-05-04-Cerfa1244771-Annexe2";;;;;;;;;
"ID10001-26-05-04-Cerfa1244771.odt";"ID10001";"Procedure\Dossiers\ID10001-26-05-04-Cerfa1244771.odt";"Item";"26-05-04-Cerfa1244771";;;;;;;;;
"ID10001-26-05-04-file.xml";"ID10001";"Procedure\Dossiers\ID10001-26-05-04-file.xml";"Item";"26-05-04-file";;;;;;;;;
"ID10001-26-05-04-réponse.pdf";"ID10001";"Procedure\Dossiers\ID10001-26-05-04-réponse.pdf";"Item";"26-05-04-réponse";;;;;;;;;
"ID10002";"ID0";;"RecordGrp";"Cerfa-1244771-ID10002";;"ID10002";"2104-06-07T00:00:00";"REF-507056AA4070";"AFINA";"Nathalie";"Avis administratif";"2104-06-22T22:00:00";"OK"
"ID10002-07-06-04-Cerfa1244771-Annexe1.odt";"ID10002";"Procedure\Dossiers\ID10002-07-06-04-Cerfa1244771-Annexe1.odt";"Item";"07-06-04-Cerfa1244771-Annexe1";;;;;;;;;
"ID10002-07-06-04-Cerfa1244771-Annexe2.odt";"ID10002";"Procedure\Dossiers\ID10002-07-06-04-Cerfa1244771-Annexe2.odt";"Item";"07-06-04-Cerfa1244771-Annexe2";;;;;;;;;
"ID10002-07-06-04-Cerfa1244771.odt";"ID10002";"Procedure\Dossiers\ID10002-07-06-04-Cerfa1244771.odt";"Item";"07-06-04-Cerfa1244771";;;;;;;;;
"ID10002-07-06-04-file.xml";"ID10002";"Procedure\Dossiers\ID10002-07-06-04-file.xml";"Item";"07-06-04-file";;;;;;;;;
"ID10002-07-06-04-réponse.pdf";"ID10002";"Procedure\Dossiers\ID10002-07-06-04-réponse.pdf";"Item";"07-06-04-réponse";;;;;;;;;
"ID10003";"ID0";;"RecordGrp";"Cerfa-1244771-ID10003";;"ID10003";"2104-06-21T00:00:00";"REF-CD66201547B5";"ENVERS";"Emmanuel";"Avis administratif";"2104-07-07T03:00:00";"OK"
"ID10003-21-06-04-Cerfa1244771-Annexe1.odt";"ID10003";"Procedure\Dossiers\ID10003-21-06-04-Cerfa1244771-Annexe1.odt";"Item";"21-06-04-Cerfa1244771-Annexe1";;;;;;;;;
"ID10003-21-06-04-Cerfa1244771-Annexe2.odt";"ID10003";"Procedure\Dossiers\ID10003-21-06-04-Cerfa1244771-Annexe2.odt";"Item";"21-06-04-Cerfa1244771-Annexe2";;;;;;;;;
"ID10003-21-06-04-Cerfa1244771.odt";"ID10003";"Procedure\Dossiers\ID10003-21-06-04-Cerfa1244771.odt";"Item";"21-06-04-Cerfa1244771";;;;;;;;;
"ID10003-21-06-04-file.xml";"ID10003";"Procedure\Dossiers\ID10003-21-06-04-file.xml";"Item";"21-06-04-file";;;;;;;;;
"ID10003-21-06-04-réponse.pdf";"ID10003";"Procedure\Dossiers\ID10003-21-06-04-réponse.pdf";"Item";"21-06-04-réponse";;;;;;;;;
"ID10004";"ID0";;"RecordGrp";"Cerfa-1244771-ID10004";;"ID10004";"2104-07-08T00:00:00";"REF-ACC81853BA7E";"LAZOTE";"Pierre";"Avis administratif";"2104-07-23T14:00:00";"OK"
"ID10004-08-07-04-Cerfa1244771-Annexe1.odt";"ID10004";"Procedure\Dossiers\ID10004-08-07-04-Cerfa1244771-Annexe1.odt";"Item";"08-07-04-Cerfa1244771-Annexe1";;;;;;;;;
"ID10004-08-07-04-Cerfa1244771.odt";"ID10004";"Procedure\Dossiers\ID10004-08-07-04-Cerfa1244771.odt";"Item";"08-07-04-Cerfa1244771";;;;;;;;;
"ID10004-08-07-04-file.xml";"ID10004";"Procedure\Dossiers\ID10004-08-07-04-file.xml";"Item";"08-07-04-file";;;;;;;;;
"ID10004-08-07-04-réponse.pdf";"ID10004";"Procedure\Dossiers\ID10004-08-07-04-réponse.pdf";"Item";"08-07-04-réponse";;;;;;;;;
"ID10005";"ID0";;"RecordGrp";"Cerfa-1244771-ID10005";;"ID10005";"2104-07-19T00:00:00";"REF-CAEA83020EF2";"CHEVAL";"Jean";"Avis administratif";"2104-08-04T03:00:00";"OK"
"ID10005-19-07-04-Cerfa1244771-Annexe1.odt";"ID10005";"Procedure\Dossiers\ID10005-19-07-04-Cerfa1244771-Annexe1.odt";"Item";"19-07-04-Cerfa1244771-Annexe1";;;;;;;;;
"ID10005-19-07-04-Cerfa1244771-Annexe2.odt";"ID10005";"Procedure\Dossiers\ID10005-19-07-04-Cerfa1244771-Annexe2.odt";"Item";"19-07-04-Cerfa1244771-Annexe2";;;;;;;;;
"ID10005-19-07-04-Cerfa1244771.odt";"ID10005";"Procedure\Dossiers\ID10005-19-07-04-Cerfa1244771.odt";"Item";"19-07-04-Cerfa1244771";;;;;;;;;
"ID10005-19-07-04-file.xml";"ID10005";"Procedure\Dossiers\ID10005-19-07-04-file.xml";"Item";"19-07-04-file";;;;;;;;;
"ID10005-19-07-04-réponse.pdf";"ID10005";"Procedure\Dossiers\ID10005-19-07-04-réponse.pdf";"Item";"19-07-04-réponse";;;;;;;;;
"ID10006";"ID0";;"RecordGrp";"Cerfa-1244771-ID10006";;"ID10006";"2104-07-28T00:00:00";"REF-9757D546607D";"ENVERS";"Mélanie";"Avis administratif";"2104-08-12T03:00:00";"KO"
"ID10006-28-07-04-Cerfa1244771-Annexe1.odt";"ID10006";"Procedure\Dossiers\ID10006-28-07-04-Cerfa1244771-Annexe1.odt";"Item";"28-07-04-Cerfa1244771-Annexe1";;;;;;;;;
"ID10006-28-07-04-Cerfa1244771-Annexe2.odt";"ID10006";"Procedure\Dossiers\ID10006-28-07-04-Cerfa1244771-Annexe2.odt";"Item";"28-07-04-Cerfa1244771-Annexe2";;;;;;;;;
"ID10006-28-07-04-Cerfa1244771.odt";"ID10006";"Procedure\Dossiers\ID10006-28-07-04-Cerfa1244771.odt";"Item";"28-07-04-Cerfa1244771";;;;;;;;;
"ID10006-28-07-04-file.xml";"ID10006";"Procedure\Dossiers\ID10006-28-07-04-file.xml";"Item";"28-07-04-file";;;;;;;;;
"ID10006-28-07-04-réponse.pdf";"ID10006";"Procedure\Dossiers\ID10006-28-07-04-réponse.pdf";"Item";"28-07-04-réponse";;;;;;;;;
"ID10007";"ID0";;"RecordGrp";"Cerfa-1244771-ID10007";;"ID10007";"2104-08-15T00:00:00";"REF-58DDB8E21AFC";"LAZOTE";"Mehdi";"Avis administratif";"2104-09-01T11:00:00";"OK"
"ID10007-15-08-04-Cerfa1244771-Annexe1.odt";"ID10007";"Procedure\Dossiers\ID10007-15-08-04-Cerfa1244771-Annexe1.odt";"Item";"15-08-04-Cerfa1244771-Annexe1";;;;;;;;;
"ID10007-15-08-04-Cerfa1244771-Annexe2.odt";"ID10007";"Procedure\Dossiers\ID10007-15-08-04-Cerfa1244771-Annexe2.odt";"Item";"15-08-04-Cerfa1244771-Annexe2";;;;;;;;;
"ID10007-15-08-04-Cerfa1244771.odt";"ID10007";"Procedure\Dossiers\ID10007-15-08-04-Cerfa1244771.odt";"Item";"15-08-04-Cerfa1244771";;;;;;;;;
"ID10007-15-08-04-file.xml";"ID10007";"Procedure\Dossiers\ID10007-15-08-04-file.xml";"Item";"15-08-04-file";;;;;;;;;
"ID10007-15-08-04-réponse.pdf";"ID10007";"Procedure\Dossiers\ID10007-15-08-04-réponse.pdf";"Item";"15-08-04-réponse";;;;;;;;;
"ID10008";"ID0";;"RecordGrp";"Cerfa-1244771-ID10008";;"ID10008";"2104-08-19T00:00:00";"REF-8BA441CCCE9F";"BOURG";"Nathalie";"Avis administratif";"2104-09-02T01:00:00";"OK"
"ID10008-19-08-04-Cerfa1244771-Annexe1.odt";"ID10008";"Procedure\Dossiers\ID10008-19-08-04-Cerfa1244771-Annexe1.odt";"Item";"19-08-04-Cerfa1244771-Annexe1";;;;;;;;;
"ID10008-19-08-04-Cerfa1244771-Annexe2.odt";"ID10008";"Procedure\Dossiers\ID10008-19-08-04-Cerfa1244771-Annexe2.odt";"Item";"19-08-04-Cerfa1244771-Annexe2";;;;;;;;;
"ID10008-19-08-04-Cerfa1244771.odt";"ID10008";"Procedure\Dossiers\ID10008-19-08-04-Cerfa1244771.odt";"Item";"19-08-04-Cerfa1244771";;;;;;;;;
"ID10008-19-08-04-file.xml";"ID10008";"Procedure\Dossiers\ID10008-19-08-04-file.xml";"Item";"19-08-04-file";;;;;;;;;
"ID10008-19-08-04-réponse.pdf";"ID10008";"Procedure\Dossiers\ID10008-19-08-04-réponse.pdf";"Item";"19-08-04-réponse";;;;;;;;;
"ID10009";"ID0";;"RecordGrp";"Cerfa-1244771-ID10009";;"ID10009";"2104-08-22T00:00:00";"REF-8ED1EB20E97A";"AFINA";"Mélanie";"Avis administratif";"2104-09-09T17:00:00";"OK"
"ID10009-22-08-04-Cerfa1244771-Annexe1.odt";"ID10009";"Procedure\Dossiers\ID10009-22-08-04-Cerfa1244771-Annexe1.odt";"Item";"22-08-04-Cerfa1244771-Annexe1";;;;;;;;;
"ID10009-22-08-04-Cerfa1244771-Annexe2.odt";"ID10009";"Procedure\Dossiers\ID10009-22-08-04-Cerfa1244771-Annexe2.odt";"Item";"22-08-04-Cerfa1244771-Annexe2";;;;;;;;;
"ID10009-22-08-04-Cerfa1244771.odt";"ID10009";"Procedure\Dossiers\ID10009-22-08-04-Cerfa1244771.odt";"Item";"22-08-04-Cerfa1244771";;;;;;;;;
"ID10009-22-08-04-file.xml";"ID10009";"Procedure\Dossiers\ID10009-22-08-04-file.xml";"Item";"22-08-04-file";;;;;;;;;
"ID10009-22-08-04-réponse.pdf";"ID10009";"Procedure\Dossiers\ID10009-22-08-04-réponse.pdf";"Item";"22-08-04-réponse";;;;;;;;;
"ID10010";"ID0";;"RecordGrp";"Cerfa-1244771-ID10010";;"ID10010";"2104-09-10T00:00:00";"REF-A6D370E86EE9";"LEVASSEUR";"Marion";"Avis administratif";"2104-09-20T09:00:00";"OK"
"ID10010-10-09-04-Cerfa1244771-Annexe1.odt";"ID10010";"Procedure\Dossiers\ID10010-10-09-04-Cerfa1244771-Annexe1.odt";"Item";"10-09-04-Cerfa1244771-Annexe1";;;;;;;;;
"ID10010-10-09-04-Cerfa1244771.odt";"ID10010";"Procedure\Dossiers\ID10010-10-09-04-Cerfa1244771.odt";"Item";"10-09-04-Cerfa1244771";;;;;;;;;
"ID10010-10-09-04-file.xml";"ID10010";"Procedure\Dossiers\ID10010-10-09-04-file.xml";"Item";"10-09-04-file";;;;;;;;;
"ID10010-10-09-04-réponse.pdf";"ID10010";"Procedure\Dossiers\ID10010-10-09-04-réponse.pdf";"Item";"10-09-04-réponse";;;;;;;;;
"ID10011";"ID0";;"RecordGrp";"Cerfa-1244771-ID10011";;"ID10011";"2104-09-15T00:00:00";"REF-BE3F5CD85105";"CHEVAL";"Marion";"Avis administratif";"2104-10-03T18:00:00";"OK"
"ID10011-15-09-04-Cerfa1244771-Annexe1.odt";"ID10011";"Procedure\Dossiers\ID10011-15-09-04-Cerfa1244771-Annexe1.odt";"Item";"15-09-04-Cerfa1244771-Annexe1";;;;;;;;;
"ID10011-15-09-04-Cerfa1244771.odt";"ID10011";"Procedure\Dossiers\ID10011-15-09-04-Cerfa1244771.odt";"Item";"15-09-04-Cerfa1244771";;;;;;;;;
"ID10011-15-09-04-file.xml";"ID10011";"Procedure\Dossiers\ID10011-15-09-04-file.xml";"Item";"15-09-04-file";;;;;;;;;
"ID10011-15-09-04-réponse.pdf";"ID10011";"Procedure\Dossiers\ID10011-15-09-04-réponse.pdf";"Item";"15-09-04-réponse";;;;;;;;;
"ID10012";"ID0";;"RecordGrp";"Cerfa-1244771-ID10012";;"ID10012";"2104-09-18T00:00:00";"REF-0ADC02F8E14D";"LEVASSEUR";"Edouard";"Avis administratif";"2104-10-02T00:00:00";"KO"
"ID10012-18-09-04-Cerfa1244771-Annexe1.odt";"ID10012";"Procedure\Dossiers\ID10012-18-09-04-Cerfa1244771-Annexe1.odt";"Item";"18-09-04-Cerfa1244771-Annexe1";;;;;;;;;
"ID10012-18-09-04-Cerfa1244771-Annexe2.odt";"ID10012";"Procedure\Dossiers\ID10012-18-09-04-Cerfa1244771-Annexe2.odt";"Item";"18-09-04-Cerfa1244771-Annexe2";;;;;;;;;
"ID10012-18-09-04-Cerfa1244771.odt";"ID10012";"Procedure\Dossiers\ID10012-18-09-04-Cerfa1244771.odt";"Item";"18-09-04-Cerfa1244771";;;;;;;;;
"ID10012-18-09-04-file.xml";"ID10012";"Procedure\Dossiers\ID10012-18-09-04-file.xml";"Item";"18-09-04-file";;;;;;;;;
"ID10012-18-09-04-réponse.pdf";"ID10012";"Procedure\Dossiers\ID10012-18-09-04-réponse.pdf";"Item";"18-09-04-réponse";;;;;;;;;
"ID10013";"ID0";;"RecordGrp";"Cerfa-1244771-ID10013";;"ID10013";"2104-10-05T00:00:00";"REF-CD66201547B5";"ENVERS";"Emmanuel";"Avis administratif";"2104-10-22T18:00:00";"OK"
"ID10013-05-10-04-Cerfa1244771-Annexe1.odt";"ID10013";"Procedure\Dossiers\ID10013-05-10-04-Cerfa1244771-Annexe1.odt";"Item";"05-10-04-Cerfa1244771-Annexe1";;;;;;;;;
"ID10013-05-10-04-Cerfa1244771-Annexe2.odt";"ID10013";"Procedure\Dossiers\ID10013-05-10-04-Cerfa1244771-Annexe2.odt";"Item";"05-10-04-Cerfa1244771-Annexe2";;;;;;;;;
"ID10013-05-10-04-Cerfa1244771.odt";"ID10013";"Procedure\Dossiers\ID10013-05-10-04-Cerfa1244771.odt";"Item";"05-10-04-Cerfa1244771";;;;;;;;;
"ID10013-05-10-04-file.xml";"ID10013";"Procedure\Dossiers\ID10013-05-10-04-file.xml";"Item";"05-10-04-file";;;;;;;;;
"ID10013-05-10-04-réponse.pdf";"ID10013";"Procedure\Dossiers\ID10013-05-10-04-réponse.pdf";"Item";"05-10-04-réponse";;;;;;;;;
"ID10014";"ID0";;"RecordGrp";"Cerfa-1244771-ID10014";;"ID10014";"2104-10-21T00:00:00";"REF-3182D6204A41";"ENVERS";"Marion";"Avis administratif";"2104-11-04T07:00:00";"OK"
"ID10014-21-10-04-Cerfa1244771-Annexe1.odt";"ID10014";"Procedure\Dossiers\ID10014-21-10-04-Cerfa1244771-Annexe1.odt";"Item";"21-10-04-Cerfa1244771-Annexe1";;;;;;;;;
"ID10014-21-10-04-Cerfa1244771.odt";"ID10014";"Procedure\Dossiers\ID10014-21-10-04-Cerfa1244771.odt";"Item";"21-10-04-Cerfa1244771";;;;;;;;;
"ID10014-21-10-04-file.xml";"ID10014";"Procedure\Dossiers\ID10014-21-10-04-file.xml";"Item";"21-10-04-file";;;;;;;;;
"ID10014-21-10-04-réponse.pdf";"ID10014";"Procedure\Dossiers\ID10014-21-10-04-réponse.pdf";"Item";"21-10-04-réponse";;;;;;;;;
"ID10015";"ID0";;"RecordGrp";"Cerfa-1244771-ID10015";;"ID10015";"2104-10-25T00:00:00";"REF-0ADC02F8E14D";"LEVASSEUR";"Edouard";"Avis administratif";"2104-11-06T02:00:00";"OK"
"ID10015-25-10-04-Cerfa1244771-Annexe1.odt";"ID10015";"Procedure\Dossiers\ID10015-25-10-04-Cerfa1244771-Annexe1.odt";"Item";"25-10-04-Cerfa1244771-Annexe1";;;;;;;;;
"ID10015-25-10-04-Cerfa1244771.odt";"ID10015";"Procedure\Dossiers\ID10015-25-10-04-Cerfa1244771.odt";"Item";"25-10-04-Cerfa1244771";;;;;;;;;
"ID10015-25-10-04-file.xml";"ID10015";"Procedure\Dossiers\ID10015-25-10-04-file.xml";"Item";"25-10-04-file";;;;;;;;;
"ID10015-25-10-04-réponse.pdf";"ID10015";"Procedure\Dossiers\ID10015-25-10-04-réponse.pdf";"Item";"25-10-04-réponse";;;;;;;;;
"ID10016";"ID0";;"RecordGrp";"Cerfa-1244771-ID10016";;"ID10016";"2104-10-30T23:00:00";"REF-C0621E6D86B1";"BOURG";"Mehdi";"Avis administratif";"2104-11-13T12:00:00";"OK"
"ID10016-30-10-04-Cerfa1244771-Annexe1.odt";"ID10016";"Procedure\Dossiers\ID10016-30-10-04-Cerfa1244771-Annexe1.odt";"Item";"30-10-04-Cerfa1244771-Annexe1";;;;;;;;;
"ID10016-30-10-04-Cerfa1244771.odt";"ID10016";"Procedure\Dossiers\ID10016-30-10-04-Cerfa1244771.odt";"Item";"30-10-04-Cerfa1244771";;;;;;;;;
"ID10016-30-10-04-file.xml";"ID10016";"Procedure\Dossiers\ID10016-30-10-04-file.xml";"Item";"30-10-04-file";;;;;;;;;
"ID10016-30-10-04-réponse.pdf";"ID10016";"Procedure\Dossiers\ID10016-30-10-04-réponse.pdf";"Item";"30-10-04-réponse";;;;;;;;;
"ID10017";"ID0";;"RecordGrp";"Cerfa-1244771-ID10017";;"ID10017";"2104-11-15T23:00:00";"REF-9D3E463A1000";"ROMIN";"Marion";"Avis administratif";"2104-11-28T08:00:00";"OK"
"ID10017-15-11-04-Cerfa1244771-Annexe1.odt";"ID10017";"Procedure\Dossiers\ID10017-15-11-04-Cerfa1244771-Annexe1.odt";"Item";"15-11-04-Cerfa1244771-Annexe1";;;;;;;;;
"ID10017-15-11-04-Cerfa1244771.odt";"ID10017";"Procedure\Dossiers\ID10017-15-11-04-Cerfa1244771.odt";"Item";"15-11-04-Cerfa1244771";;;;;;;;;
"ID10017-15-11-04-file.xml";"ID10017";"Procedure\Dossiers\ID10017-15-11-04-file.xml";"Item";"15-11-04-file";;;;;;;;;
"ID10017-15-11-04-réponse.pdf";"ID10017";"Procedure\Dossiers\ID10017-15-11-04-réponse.pdf";"Item";"15-11-04-réponse";;;;;;;;;
"ID10018";"ID0";;"RecordGrp";"Cerfa-1244771-ID10018";;"ID10018";"2104-11-16T23:00:00";"REF-83E292D715CC";"BOURG";"Emmanuel";"Avis administratif";"2104-12-01T12:00:00";"OK"
"ID10018-16-11-04-Cerfa1244771-Annexe1.odt";"ID10018";"Procedure\Dossiers\ID10018-16-11-04-Cerfa1244771-Annexe1.odt";"Item";"16-11-04-Cerfa1244771-Annexe1";;;;;;;;;
"ID10018-16-11-04-Cerfa1244771-Annexe2.odt";"ID10018";"Procedure\Dossiers\ID10018-16-11-04-Cerfa1244771-Annexe2.odt";"Item";"16-11-04-Cerfa1244771-Annexe2";;;;;;;;;
"ID10018-16-11-04-Cerfa1244771.odt";"ID10018";"Procedure\Dossiers\ID10018-16-11-04-Cerfa1244771.odt";"Item";"16-11-04-Cerfa1244771";;;;;;;;;
"ID10018-16-11-04-file.xml";"ID10018";"Procedure\Dossiers\ID10018-16-11-04-file.xml";"Item";"16-11-04-file";;;;;;;;;
"ID10018-16-11-04-réponse.pdf";"ID10018";"Procedure\Dossiers\ID10018-16-11-04-réponse.pdf";"Item";"16-11-04-réponse";;;;;;;;;
"ID10019";"ID0";;"RecordGrp";"Cerfa-1244771-ID10019";;"ID10019";"2104-11-27T23:00:00";"REF-ACC81853BA7E";"LAZOTE";"Pierre";"Avis administratif";"2104-12-16T01:00:00";"KO"
"ID10019-27-11-04-Cerfa1244771-Annexe1.odt";"ID10019";"Procedure\Dossiers\ID10019-27-11-04-Cerfa1244771-Annexe1.odt";"Item";"27-11-04-Cerfa1244771-Annexe1";;;;;;;;;
"ID10019-27-11-04-Cerfa1244771-Annexe2.odt";"ID10019";"Procedure\Dossiers\ID10019-27-11-04-Cerfa1244771-Annexe2.odt";"Item";"27-11-04-Cerfa1244771-Annexe2";;;;;;;;;
"ID10019-27-11-04-Cerfa1244771.odt";"ID10019";"Procedure\Dossiers\ID10019-27-11-04-Cerfa1244771.odt";"Item";"27-11-04-Cerfa1244771";;;;;;;;;
"ID10019-27-11-04-file.xml";"ID10019";"Procedure\Dossiers\ID10019-27-11-04-file.xml";"Item";"27-11-04-file";;;;;;;;;
"ID10019-27-11-04-réponse.pdf";"ID10019";"Procedure\Dossiers\ID10019-27-11-04-réponse.pdf";"Item";"27-11-04-réponse";;;;;;;;;
"ID10020";"ID0";;"RecordGrp";"Cerfa-1244771-ID10020";;"ID10020";"2104-12-15T23:00:00";"REF-40D3297E0120";"ENVERS";"Jean";"Avis administratif";"2104-12-31T09:00:00";"KO"
"ID10020-15-12-04-Cerfa1244771-Annexe1.odt";"ID10020";"Procedure\Dossiers\ID10020-15-12-04-Cerfa1244771-Annexe1.odt";"Item";"15-12-04-Cerfa1244771-Annexe1";;;;;;;;;
"ID10020-15-12-04-Cerfa1244771-Annexe2.odt";"ID10020";"Procedure\Dossiers\ID10020-15-12-04-Cerfa1244771-Annexe2.odt";"Item";"15-12-04-Cerfa1244771-Annexe2";;;;;;;;;
"ID10020-15-12-04-Cerfa1244771.odt";"ID10020";"Procedure\Dossiers\ID10020-15-12-04-Cerfa1244771.odt";"Item";"15-12-04-Cerfa1244771";;;;;;;;;
"ID10020-15-12-04-file.xml";"ID10020";"Procedure\Dossiers\ID10020-15-12-04-file.xml";"Item";"15-12-04-file";;;;;;;;;
"ID10020-15-12-04-réponse.pdf";"ID10020";"Procedure\Dossiers\ID10020-15-12-04-réponse.pdf";"Item";"15-12-04-réponse";;;;;;;;;
"ID10021";"ID0";;"RecordGrp";"Cerfa-1244771-ID10021";;"ID10021";"2104-12-21T23:00:00";"REF-A6F5414D3EFB";"CHEVAL";"Edouard";"Avis administratif";"2105-01-07T14:00:00";"OK"
"ID10021-21-12-04-Cerfa1244771-Annexe1.odt";"ID10021";"Procedure\Dossiers\ID10021-21-12-04-Cerfa1244771-Annexe1.odt";"Item";"21-12-04-Cerfa1244771-Annexe1";;;;;;;;;
"ID10021-21-12-04-Cerfa1244771.odt";"ID10021";"Procedure\Dossiers\ID10021-21-12-04-Cerfa1244771.odt";"Item";"21-12-04-Cerfa1244771";;;;;;;;;
"ID10021-21-12-04-file.xml";"ID10021";"Procedure\Dossiers\ID10021-21-12-04-file.xml";"Item";"21-12-04-file";;;;;;;;;
"ID10021-21-12-04-réponse.pdf";"ID10021";"Procedure\Dossiers\ID10021-21-12-04-réponse.pdf";"Item";"21-12-04-réponse";;;;;;;;;
"ID10022";"ID0";;"RecordGrp";"Cerfa-1244771-ID10022";;"ID10022";"2105-01-04T23:00:00";"REF-7980AEA36EBA";"LEVASSEUR";"Nathalie";"Avis administratif";"2105-01-19T09:00:00";"OK"
"ID10022-04-01-05-Cerfa1244771-Annexe1.odt";"ID10022";"Procedure\Dossiers\ID10022-04-01-05-Cerfa1244771-Annexe1.odt";"Item";"04-01-05-Cerfa1244771-Annexe1";;;;;;;;;
"ID10022-04-01-05-Cerfa1244771-Annexe2.odt";"ID10022";"Procedure\Dossiers\ID10022-04-01-05-Cerfa1244771-Annexe2.odt";"Item";"04-01-05-Cerfa1244771-Annexe2";;;;;;;;;
"ID10022-04-01-05-Cerfa1244771.odt";"ID10022";"Procedure\Dossiers\ID10022-04-01-05-Cerfa1244771.odt";"Item";"04-01-05-Cerfa1244771";;;;;;;;;
"ID10022-04-01-05-file.xml";"ID10022";"Procedure\Dossiers\ID10022-04-01-05-file.xml";"Item";"04-01-05-file";;;;;;;;;
"ID10022-04-01-05-réponse.pdf";"ID10022";"Procedure\Dossiers\ID10022-04-01-05-réponse.pdf";"Item";"04-01-05-réponse";;;;;;;;;
"ID10023";"ID0";;"RecordGrp";"Cerfa-1244771-ID10023";;"ID10023";"2105-01-22T23:00:00";"REF-17F6139F8176";"BOURG";"Marion";"Avis administratif";"2105-02-03T05:00:00";"OK"
"ID10023-22-01-05-Cerfa1244771-Annexe1.odt";"ID10023";"Procedure\Dossiers\ID10023-22-01-05-Cerfa1244771-Annexe1.odt";"Item";"22-01-05-Cerfa1244771-Annexe1";;;;;;;;;
"ID10023-22-01-05-Cerfa1244771-Annexe2.odt";"ID10023";"Procedure\Dossiers\ID10023-22-01-05-Cerfa1244771-Annexe2.odt";"Item";"22-01-05-Cerfa1244771-Annexe2";;;;;;;;;
"ID10023-22-01-05-Cerfa1244771.odt";"ID10023";"Procedure\Dossiers\ID10023-22-01-05-Cerfa1244771.odt";"Item";"22-01-05-Cerfa1244771";;;;;;;;;
"ID10023-22-01-05-file.xml";"ID10023";"Procedure\Dossiers\ID10023-22-01-05-file.xml";"Item";"22-01-05-file";;;;;;;;;
"ID10023-22-01-05-réponse.pdf";"ID10023";"Procedure\Dossiers\ID10023-22-01-05-réponse.pdf";"Item";"22-01-05-réponse";;;;;;;;;
"ID10024";"ID0";;"RecordGrp";"Cerfa-1244771-ID10024";;"ID10024";"2105-02-04T23:00:00";"REF-39EFB02FA82F";"BORDE";"Pierre";"Avis administratif";"2105-02-20T23:00:00";"KO"
"ID10024-04-02-05-Cerfa1244771-Annexe1.odt";"ID10024";"Procedure\Dossiers\ID10024-04-02-05-Cerfa1244771-Annexe1.odt";"Item";"04-02-05-Cerfa1244771-Annexe1";;;;;;;;;
"ID10024-04-02-05-Cerfa1244771-Annexe2.odt";"ID10024";"Procedure\Dossiers\ID10024-04-02-05-Cerfa1244771-Annexe2.odt";"Item";"04-02-05-Cerfa1244771-Annexe2";;;;;;;;;
"ID10024-04-02-05-Cerfa1244771.odt";"ID10024";"Procedure\Dossiers\ID10024-04-02-05-Cerfa1244771.odt";"Item";"04-02-05-Cerfa1244771";;;;;;;;;
"ID10024-04-02-05-file.xml";"ID10024";"Procedure\Dossiers\ID10024-04-02-05-file.xml";"Item";"04-02-05-file";;;;;;;;;
"ID10024-04-02-05-réponse.pdf";"ID10024";"Procedure\Dossiers\ID10024-04-02-05-réponse.pdf";"Item";"04-02-05-réponse";;;;;;;;;
"ID10025";"ID0";;"RecordGrp";"Cerfa-1244771-ID10025";;"ID10025";"2105-02-12T23:00:00";"REF-98B703569D18";"ROMIN";"Mélanie";"Avis administratif";"2105-02-28T19:00:00";"OK"
"ID10025-12-02-05-Cerfa1244771-Annexe1.odt";"ID10025";"Procedure\Dossiers\ID10025-12-02-05-Cerfa1244771-Annexe1.odt";"Item";"12-02-05-Cerfa1244771-Annexe1";;;;;;;;;
"ID10025-12-02-05-Cerfa1244771-Annexe2.odt";"ID10025";"Procedure\Dossiers\ID10025-12-02-05-Cerfa1244771-Annexe2.odt";"Item";"12-02-05-Cerfa1244771-Annexe2";;;;;;;;;
"ID10025-12-02-05-Cerfa1244771.odt";"ID10025";"Procedure\Dossiers\ID10025-12-02-05-Cerfa1244771.odt";"Item";"12-02-05-Cerfa1244771";;;;;;;;;
"ID10025-12-02-05-file.xml";"ID10025";"Procedure\Dossiers\ID10025-12-02-05-file.xml";"Item";"12-02-05-file";;;;;;;;;
"ID10025-12-02-05-réponse.pdf";"ID10025";"Procedure\Dossiers\ID10025-12-02-05-réponse.pdf";"Item";"12-02-05-réponse";;;;;;;;;
"ID10026";"ID0";;"RecordGrp";"Cerfa-1244771-ID10026";;"ID10026";"2105-02-27T23:00:00";"REF-0E601D09DF21";"LAZOTE";"Marion";"Avis administratif";"2105-03-19T17:00:00";"OK"
"ID10026-27-02-05-Cerfa1244771-Annexe1.odt";"ID10026";"Procedure\Dossiers\ID10026-27-02-05-Cerfa1244771-Annexe1.odt";"Item";"27-02-05-Cerfa1244771-Annexe1";;;;;;;;;
"ID10026-27-02-05-Cerfa1244771.odt";"ID10026";"Procedure\Dossiers\ID10026-27-02-05-Cerfa1244771.odt";"Item";"27-02-05-Cerfa1244771";;;;;;;;;
"ID10026-27-02-05-file.xml";"ID10026";"Procedure\Dossiers\ID10026-27-02-05-file.xml";"Item";"27-02-05-file";;;;;;;;;
"ID10026-27-02-05-réponse.pdf";"ID10026";"Procedure\Dossiers\ID10026-27-02-05-réponse.pdf";"Item";"27-02-05-réponse";;;;;;;;;
"ID10027";"ID0";;"RecordGrp";"Cerfa-1244771-ID10027";;"ID10027";"2105-03-04T23:00:00";"REF-8ED1EB20E97A";"AFINA";"Mélanie";"Avis administratif";"2105-03-22T01:00:00";"KO"
"ID10027-04-03-05-Cerfa1244771-Annexe1.odt";"ID10027";"Procedure\Dossiers\ID10027-04-03-05-Cerfa1244771-Annexe1.odt";"Item";"04-03-05-Cerfa1244771-Annexe1";;;;;;;;;
"ID10027-04-03-05-Cerfa1244771-Annexe2.odt";"ID10027";"Procedure\Dossiers\ID10027-04-03-05-Cerfa1244771-Annexe2.odt";"Item";"04-03-05-Cerfa1244771-Annexe2";;;;;;;;;
"ID10027-04-03-05-Cerfa1244771.odt";"ID10027";"Procedure\Dossiers\ID10027-04-03-05-Cerfa1244771.odt";"Item";"04-03-05-Cerfa1244771";;;;;;;;;
"ID10027-04-03-05-file.xml";"ID10027";"Procedure\Dossiers\ID10027-04-03-05-file.xml";"Item";"04-03-05-file";;;;;;;;;
"ID10027-04-03-05-réponse.pdf";"ID10027";"Procedure\Dossiers\ID10027-04-03-05-réponse.pdf";"Item";"04-03-05-réponse";;;;;;;;;
"ID10028";"ID0";;"RecordGrp";"Cerfa-1244771-ID10028";;"ID10028";"2105-03-15T23:00:00";"REF-57E7A380FE0B";"ROMIN";"Pierre";"Avis administratif";"2105-03-28T13:00:00";"OK"
"ID10028-15-03-05-Cerfa1244771-Annexe1.odt";"ID10028";"Procedure\Dossiers\ID10028-15-03-05-Cerfa1244771-Annexe1.odt";"Item";"15-03-05-Cerfa1244771-Annexe1";;;;;;;;;
"ID10028-15-03-05-Cerfa1244771-Annexe2.odt";"ID10028";"Procedure\Dossiers\ID10028-15-03-05-Cerfa1244771-Annexe2.odt";"Item";"15-03-05-Cerfa1244771-Annexe2";;;;;;;;;
"ID10028-15-03-05-Cerfa1244771.odt";"ID10028";"Procedure\Dossiers\ID10028-15-03-05-Cerfa1244771.odt";"Item";"15-03-05-Cerfa1244771";;;;;;;;;
"ID10028-15-03-05-file.xml";"ID10028";"Procedure\Dossiers\ID10028-15-03-05-file.xml";"Item";"15-03-05-file";;;;;;;;;
"ID10028-15-03-05-réponse.pdf";"ID10028";"Procedure\Dossiers\ID10028-15-03-05-réponse.pdf";"Item";"15-03-05-réponse";;;;;;;;;
"ID10029";"ID0";;"RecordGrp";"Cerfa-1244771-ID10029";;"ID10029";"2105-03-27T23:00:00";"REF-3182D6204A41";"ENVERS";"Marion";"Avis administratif";"2105-04-16T00:00:00";"KO"
"ID10029-27-03-05-Cerfa1244771-Annexe1.odt";"ID10029";"Procedure\Dossiers\ID10029-27-03-05-Cerfa1244771-Annexe1.odt";"Item";"27-03-05-Cerfa1244771-Annexe1";;;;;;;;;
"ID10029-27-03-05-Cerfa1244771.odt";"ID10029";"Procedure\Dossiers\ID10029-27-03-05-Cerfa1244771.odt";"Item";"27-03-05-Cerfa1244771";;;;;;;;;
"ID10029-27-03-05-file.xml";"ID10029";"Procedure\Dossiers\ID10029-27-03-05-file.xml";"Item";"27-03-05-file";;;;;;;;;
"ID10029-27-03-05-réponse.pdf";"ID10029";"Procedure\Dossiers\ID10029-27-03-05-réponse.pdf";"Item";"27-03-05-réponse";;;;;;;;;
"ID10030";"ID0";;"RecordGrp";"Cerfa-1244771-ID10030";;"ID10030";"2105-04-05T00:00:00";"REF-9D3E463A1000";"ROMIN";"Marion";"Avis administratif";"2105-04-19T23:00:00";"OK"
"ID10030-05-04-05-Cerfa1244771-Annexe1.odt";"ID10030";"Procedure\Dossiers\ID10030-05-04-05-Cerfa1244771-Annexe1.odt";"Item";"05-04-05-Cerfa1244771-Annexe1";;;;;;;;;
"ID10030-05-04-05-Cerfa1244771-Annexe2.odt";"ID10030";"Procedure\Dossiers\ID10030-05-04-05-Cerfa1244771-Annexe2.odt";"Item";"05-04-05-Cerfa1244771-Annexe2";;;;;;;;;
"ID10030-05-04-05-Cerfa1244771.odt";"ID10030";"Procedure\Dossiers\ID10030-05-04-05-Cerfa1244771.odt";"Item";"05-04-05-Cerfa1244771";;;;;;;;;
"ID10030-05-04-05-file.xml";"ID10030";"Procedure\Dossiers\ID10030-05-04-05-file.xml";"Item";"05-04-05-file";;;;;;;;;
"ID10030-05-04-05-réponse.pdf";"ID10030";"Procedure\Dossiers\ID10030-05-04-05-réponse.pdf";"Item";"05-04-05-réponse";;;;;;;;;
"ID10031";"ID0";;"RecordGrp";"Cerfa-1244771-ID10031";;"ID10031";"2105-04-17T00:00:00";"REF-77B49EA5F279";"BOURG";"Edouard";"Avis administratif";"2105-04-28T00:00:00";"OK"
"ID10031-17-04-05-Cerfa1244771-Annexe1.odt";"ID10031";"Procedure\Dossiers\ID10031-17-04-05-Cerfa1244771-Annexe1.odt";"Item";"17-04-05-Cerfa1244771-Annexe1";;;;;;;;;
"ID10031-17-04-05-Cerfa1244771-Annexe2.odt";"ID10031";"Procedure\Dossiers\ID10031-17-04-05-Cerfa1244771-Annexe2.odt";"Item";"17-04-05-Cerfa1244771-Annexe2";;;;;;;;;
"ID10031-17-04-05-Cerfa1244771.odt";"ID10031";"Procedure\Dossiers\ID10031-17-04-05-Cerfa1244771.odt";"Item";"17-04-05-Cerfa1244771";;;;;;;;;
"ID10031-17-04-05-file.xml";"ID10031";"Procedure\Dossiers\ID10031-17-04-05-file.xml";"Item";"17-04-05-file";;;;;;;;;
"ID10031-17-04-05-réponse.pdf";"ID10031";"Procedure\Dossiers\ID10031-17-04-05-réponse.pdf";"Item";"17-04-05-réponse";;;;;;;;;
"ID10032";"ID0";;"RecordGrp";"Cerfa-1244771-ID10032";;"ID10032";"2105-04-19T00:00:00";"REF-BE3F5CD85105";"CHEVAL";"Marion";"Avis administratif";"2105-05-07T08:00:00";"KO"
"ID10032-19-04-05-Cerfa1244771-Annexe1.odt";"ID10032";"Procedure\Dossiers\ID10032-19-04-05-Cerfa1244771-Annexe1.odt";"Item";"19-04-05-Cerfa1244771-Annexe1";;;;;;;;;
"ID10032-19-04-05-Cerfa1244771-Annexe2.odt";"ID10032";"Procedure\Dossiers\ID10032-19-04-05-Cerfa1244771-Annexe2.odt";"Item";"19-04-05-Cerfa1244771-Annexe2";;;;;;;;;
"ID10032-19-04-05-Cerfa1244771.odt";"ID10032";"Procedure\Dossiers\ID10032-19-04-05-Cerfa1244771.odt";"Item";"19-04-05-Cerfa1244771";;;;;;;;;
"ID10032-19-04-05-file.xml";"ID10032";"Procedure\Dossiers\ID10032-19-04-05-file.xml";"Item";"19-04-05-file";;;;;;;;;
"ID10032-19-04-05-réponse.pdf";"ID10032";"Procedure\Dossiers\ID10032-19-04-05-réponse.pdf";"Item";"19-04-05-réponse";;;;;;;;;
"ID10033";"ID0";;"RecordGrp";"Cerfa-1244771-ID10033";;"ID10033";"2105-04-23T00:00:00";"REF-ACC81853BA7E";"LAZOTE";"Pierre";"Avis administratif";"2105-05-03T20:00:00";"KO"
"ID10033-23-04-05-Cerfa1244771-Annexe1.odt";"ID10033";"Procedure\Dossiers\ID10033-23-04-05-Cerfa1244771-Annexe1.odt";"Item";"23-04-05-Cerfa1244771-Annexe1";;;;;;;;;
"ID10033-23-04-05-Cerfa1244771-Annexe2.odt";"ID10033";"Procedure\Dossiers\ID10033-23-04-05-Cerfa1244771-Annexe2.odt";"Item";"23-04-05-Cerfa1244771-Annexe2";;;;;;;;;
"ID10033-23-04-05-Cerfa1244771.odt";"ID10033";"Procedure\Dossiers\ID10033-23-04-05-Cerfa1244771.odt";"Item";"23-04-05-Cerfa1244771";;;;;;;;;
"ID10033-23-04-05-file.xml";"ID10033";"Procedure\Dossiers\ID10033-23-04-05-file.xml";"Item";"23-04-05-file";;;;;;;;;
"ID10033-23-04-05-réponse.pdf";"ID10033";"Procedure\Dossiers\ID10033-23-04-05-réponse.pdf";"Item";"23-04-05-réponse";;;;;;;;;
"ID10034";"ID0";;"RecordGrp";"Cerfa-1244771-ID10034";;"ID10034";"2105-05-10T00:00:00";"REF-17F6139F8176";"BOURG";"Marion";"Avis administratif";"2105-05-24T22:00:00";"OK"
"ID10034-10-05-05-Cerfa1244771-Annexe1.odt";"ID10034";"Procedure\Dossiers\ID10034-10-05-05-Cerfa1244771-Annexe1.odt";"Item";"10-05-05-Cerfa1244771-Annexe1";;;;;;;;;
"ID10034-10-05-05-Cerfa1244771-Annexe2.odt";"ID10034";"Procedure\Dossiers\ID10034-10-05-05-Cerfa1244771-Annexe2.odt";"Item";"10-05-05-Cerfa1244771-Annexe2";;;;;;;;;
"ID10034-10-05-05-Cerfa1244771.odt";"ID10034";"Procedure\Dossiers\ID10034-10-05-05-Cerfa1244771.odt";"Item";"10-05-05-Cerfa1244771";;;;;;;;;
"ID10034-10-05-05-file.xml";"ID10034";"Procedure\Dossiers\ID10034-10-05-05-file.xml";"Item";"10-05-05-file";;;;;;;;;
"ID10034-10-05-05-réponse.pdf";"ID10034";"Procedure\Dossiers\ID10034-10-05-05-réponse.pdf";"Item";"10-05-05-réponse";;;;;;;;;
"ID10035";"ID0";;"RecordGrp";"Cerfa-1244771-ID10035";;"ID10035";"2105-05-19T00:00:00";"REF-0ADC02F8E14D";"LEVASSEUR";"Edouard";"Avis administratif";"2105-06-04T16:00:00";"KO"
"ID10035-19-05-05-Cerfa1244771-Annexe1.odt";"ID10035";"Procedure\Dossiers\ID10035-19-05-05-Cerfa1244771-Annexe1.odt";"Item";"19-05-05-Cerfa1244771-Annexe1";;;;;;;;;
"ID10035-19-05-05-Cerfa1244771.odt";"ID10035";"Procedure\Dossiers\ID10035-19-05-05-Cerfa1244771.odt";"Item";"19-05-05-Cerfa1244771";;;;;;;;;
"ID10035-19-05-05-file.xml";"ID10035";"Procedure\Dossiers\ID10035-19-05-05-file.xml";"Item";"19-05-05-file";;;;;;;;;
"ID10035-19-05-05-réponse.pdf";"ID10035";"Procedure\Dossiers\ID10035-19-05-05-réponse.pdf";"Item";"19-05-05-réponse";;;;;;;;;
"ID10036";"ID0";;"RecordGrp";"Cerfa-1244771-ID10036";;"ID10036";"2105-05-26T00:00:00";"REF-507056AA4070";"AFINA";"Nathalie";"Avis administratif";"2105-06-12T18:00:00";"OK"
"ID10036-26-05-05-Cerfa1244771-Annexe1.odt";"ID10036";"Procedure\Dossiers\ID10036-26-05-05-Cerfa1244771-Annexe1.odt";"Item";"26-05-05-Cerfa1244771-Annexe1";;;;;;;;;
"ID10036-26-05-05-Cerfa1244771-Annexe2.odt";"ID10036";"Procedure\Dossiers\ID10036-26-05-05-Cerfa1244771-Annexe2.odt";"Item";"26-05-05-Cerfa1244771-Annexe2";;;;;;;;;
"ID10036-26-05-05-Cerfa1244771.odt";"ID10036";"Procedure\Dossiers\ID10036-26-05-05-Cerfa1244771.odt";"Item";"26-05-05-Cerfa1244771";;;;;;;;;
"ID10036-26-05-05-file.xml";"ID10036";"Procedure\Dossiers\ID10036-26-05-05-file.xml";"Item";"26-05-05-file";;;;;;;;;
"ID10036-26-05-05-réponse.pdf";"ID10036";"Procedure\Dossiers\ID10036-26-05-05-réponse.pdf";"Item";"26-05-05-réponse";;;;;;;;;
"ID10037";"ID0";;"RecordGrp";"Cerfa-1244771-ID10037";;"ID10037";"2105-05-30T00:00:00";"REF-39EFB02FA82F";"BORDE";"Pierre";"Avis administratif";"2105-06-15T10:00:00";"OK"
"ID10037-30-05-05-Cerfa1244771-Annexe1.odt";"ID10037";"Procedure\Dossiers\ID10037-30-05-05-Cerfa1244771-Annexe1.odt";"Item";"30-05-05-Cerfa1244771-Annexe1";;;;;;;;;
"ID10037-30-05-05-Cerfa1244771-Annexe2.odt";"ID10037";"Procedure\Dossiers\ID10037-30-05-05-Cerfa1244771-Annexe2.odt";"Item";"30-05-05-Cerfa1244771-Annexe2";;;;;;;;;
"ID10037-30-05-05-Cerfa1244771.odt";"ID10037";"Procedure\Dossiers\ID10037-30-05-05-Cerfa1244771.odt";"Item";"30-05-05-Cerfa1244771";;;;;;;;;
"ID10037-30-05-05-file.xml";"ID10037";"Procedure\Dossiers\ID10037-30-05-05-file.xml";"Item";"30-05-05-file";;;;;;;;;
"ID10037-30-05-05-réponse.pdf";"ID10037";"Procedure\Dossiers\ID10037-30-05-05-réponse.pdf";"Item";"30-05-05-réponse";;;;;;;;;
"ID10038";"ID0";;"RecordGrp";"Cerfa-1244771-ID10038";;"ID10038";"2105-06-12T00:00:00";"REF-8588E486457D";"LAZOTE";"Edouard";"Avis administratif";"2105-06-22T20:00:00";"OK"
"ID10038-12-06-05-Cerfa1244771-Annexe1.odt";"ID10038";"Procedure\Dossiers\ID10038-12-06-05-Cerfa1244771-Annexe1.odt";"Item";"12-06-05-Cerfa1244771-Annexe1";;;;;;;;;
"ID10038-12-06-05-Cerfa1244771-Annexe2.odt";"ID10038";"Procedure\Dossiers\ID10038-12-06-05-Cerfa1244771-Annexe2.odt";"Item";"12-06-05-Cerfa1244771-Annexe2";;;;;;;;;
"ID10038-12-06-05-Cerfa1244771.odt";"ID10038";"Procedure\Dossiers\ID10038-12-06-05-Cerfa1244771.odt";"Item";"12-06-05-Cerfa1244771";;;;;;;;;
"ID10038-12-06-05-file.xml";"ID10038";"Procedure\Dossiers\ID10038-12-06-05-file.xml";"Item";"12-06-05-file";;;;;;;;;
"ID10038-12-06-05-réponse.pdf";"ID10038";"Procedure\Dossiers\ID10038-12-06-05-réponse.pdf";"Item";"12-06-05-réponse";;;;;;;;;
"ID10039";"ID0";;"RecordGrp";"Cerfa-1244771-ID10039";;"ID10039";"2105-06-28T00:00:00";"REF-2C7BFF4AD0C3";"LEVASSEUR";"Jean";"Avis administratif";"2105-07-16T03:00:00";"OK"
"ID10039-28-06-05-Cerfa1244771-Annexe1.odt";"ID10039";"Procedure\Dossiers\ID10039-28-06-05-Cerfa1244771-Annexe1.odt";"Item";"28-06-05-Cerfa1244771-Annexe1";;;;;;;;;
"ID10039-28-06-05-Cerfa1244771.odt";"ID10039";"Procedure\Dossiers\ID10039-28-06-05-Cerfa1244771.odt";"Item";"28-06-05-Cerfa1244771";;;;;;;;;
"ID10039-28-06-05-file.xml";"ID10039";"Procedure\Dossiers\ID10039-28-06-05-file.xml";"Item";"28-06-05-file";;;;;;;;;
"ID10039-28-06-05-réponse.pdf";"ID10039";"Procedure\Dossiers\ID10039-28-06-05-réponse.pdf";"Item";"28-06-05-réponse";;;;;;;;;
"ID10040";"ID0";;"RecordGrp";"Cerfa-1244771-ID10040";;"ID10040";"2105-07-10T00:00:00";"REF-3182D6204A41";"ENVERS";"Marion";"Avis administratif";"2105-07-23T01:00:00";"KO"
"ID10040-10-07-05-Cerfa1244771-Annexe1.odt";"ID10040";"Procedure\Dossiers\ID10040-10-07-05-Cerfa1244771-Annexe1.odt";"Item";"10-07-05-Cerfa1244771-Annexe1";;;;;;;;;
"ID10040-10-07-05-Cerfa1244771-Annexe2.odt";"ID10040";"Procedure\Dossiers\ID10040-10-07-05-Cerfa1244771-Annexe2.odt";"Item";"10-07-05-Cerfa1244771-Annexe2";;;;;;;;;
"ID10040-10-07-05-Cerfa1244771.odt";"ID10040";"Procedure\Dossiers\ID10040-10-07-05-Cerfa1244771.odt";"Item";"10-07-05-Cerfa1244771";;;;;;;;;
"ID10040-10-07-05-file.xml";"ID10040";"Procedure\Dossiers\ID10040-10-07-05-file.xml";"Item";"10-07-05-file";;;;;;;;;
"ID10040-10-07-05-réponse.pdf";"ID10040";"Procedure\Dossiers\ID10040-10-07-05-réponse.pdf";"Item";"10-07-05-réponse";;;;;;;;;
"ID10041";"ID0";;"RecordGrp";"Cerfa-1244771-ID10041";;"ID10041";"2105-07-10T00:00:00";"REF-22649833BFF8";"AFINA";"Emmanuel";"Avis administratif";"2105-07-21T09:00:00";"OK"
"ID10041-10-07-05-Cerfa1244771-Annexe1.odt";"ID10041";"Procedure\Dossiers\ID10041-10-07-05-Cerfa1244771-Annexe1.odt";"Item";"10-07-05-Cerfa1244771-Annexe1";;;;;;;;;
"ID10041-10-07-05-Cerfa1244771.odt";"ID10041";"Procedure\Dossiers\ID10041-10-07-05-Cerfa1244771.odt";"Item";"10-07-05-Cerfa1244771";;;;;;;;;
"ID10041-10-07-05-file.xml";"ID10041";"Procedure\Dossiers\ID10041-10-07-05-file.xml";"Item";"10-07-05-file";;;;;;;;;
"ID10041-10-07-05-réponse.pdf";"ID10041";"Procedure\Dossiers\ID10041-10-07-05-réponse.pdf";"Item";"10-07-05-réponse";;;;;;;;;
"ID10042";"ID0";;"RecordGrp";"Cerfa-1244771-ID10042";;"ID10042";"2105-07-27T00:00:00";"REF-A903056805CB";"ENVERS";"Mehdi";"Avis administratif";"2105-08-06T02:00:00";"OK"
"ID10042-27-07-05-Cerfa1244771-Annexe1.odt";"ID10042";"Procedure\Dossiers\ID10042-27-07-05-Cerfa1244771-Annexe1.odt";"Item";"27-07-05-Cerfa1244771-Annexe1";;;;;;;;;
"ID10042-27-07-05-Cerfa1244771-Annexe2.odt";"ID10042";"Procedure\Dossiers\ID10042-27-07-05-Cerfa1244771-Annexe2.odt";"Item";"27-07-05-Cerfa1244771-Annexe2";;;;;;;;;
"ID10042-27-07-05-Cerfa1244771.odt";"ID10042";"Procedure\Dossiers\ID10042-27-07-05-Cerfa1244771.odt";"Item";"27-07-05-Cerfa1244771";;;;;;;;;
"ID10042-27-07-05-file.xml";"ID10042";"Procedure\Dossiers\ID10042-27-07-05-file.xml";"Item";"27-07-05-file";;;;;;;;;
"ID10042-27-07-05-réponse.pdf";"ID10042";"Procedure\Dossiers\ID10042-27-07-05-réponse.pdf";"Item";"27-07-05-réponse";;;;;;;;;
"ID10043";"ID0";;"RecordGrp";"Cerfa-1244771-ID10043";;"ID10043";"2105-08-06T00:00:00";"REF-0ADC02F8E14D";"LEVASSEUR";"Edouard";"Avis administratif";"2105-08-20T03:00:00";"KO"
"ID10043-06-08-05-Cerfa1244771-Annexe1.odt";"ID10043";"Procedure\Dossiers\ID10043-06-08-05-Cerfa1244771-Annexe1.odt";"Item";"06-08-05-Cerfa1244771-Annexe1";;;;;;;;;
"ID10043-06-08-05-Cerfa1244771-Annexe2.odt";"ID10043";"Procedure\Dossiers\ID10043-06-08-05-Cerfa1244771-Annexe2.odt";"Item";"06-08-05-Cerfa1244771-Annexe2";;;;;;;;;
"ID10043-06-08-05-Cerfa1244771.odt";"ID10043";"Procedure\Dossiers\ID10043-06-08-05-Cerfa1244771.odt";"Item";"06-08-05-Cerfa1244771";;;;;;;;;
"ID10043-06-08-05-file.xml";"ID10043";"Procedure\Dossiers\ID10043-06-08-05-file.xml";"Item";"06-08-05-file";;;;;;;;;
"ID10043-06-08-05-réponse.pdf";"ID10043";"Procedure\Dossiers\ID10043-06-08-05-réponse.pdf";"Item";"06-08-05-réponse";;;;;;;;;
"ID10044";"ID0";;"RecordGrp";"Cerfa-1244771-ID10044";;"ID10044";"2105-08-15T00:00:00";"REF-17F6139F8176";"BOURG";"Marion";"Avis administratif";"2105-08-28T11:00:00";"OK"
"ID10044-15-08-05-Cerfa1244771-Annexe1.odt";"ID10044";"Procedure\Dossiers\ID10044-15-08-05-Cerfa1244771-Annexe1.odt";"Item";"15-08-05-Cerfa1244771-Annexe1";;;;;;;;;
"ID10044-15-08-05-Cerfa1244771.odt";"ID10044";"Procedure\Dossiers\ID10044-15-08-05-Cerfa1244771.odt";"Item";"15-08-05-Cerfa1244771";;;;;;;;;
"ID10044-15-08-05-file.xml";"ID10044";"Procedure\Dossiers\ID10044-15-08-05-file.xml";"Item";"15-08-05-file";;;;;;;;;
"ID10044-15-08-05-réponse.pdf";"ID10044";"Procedure\Dossiers\ID10044-15-08-05-réponse.pdf";"Item";"15-08-05-réponse";;;;;;;;;
"ID10045";"ID0";;"RecordGrp";"Cerfa-1244771-ID10045";;"ID10045";"2105-08-28T00:00:00";"REF-A34571A9596D";"ENVERS";"Pierre";"Avis administratif";"2105-09-07T12:00:00";"OK"
"ID10045-28-08-05-Cerfa1244771-Annexe1.odt";"ID10045";"Procedure\Dossiers\ID10045-28-08-05-Cerfa1244771-Annexe1.odt";"Item";"28-08-05-Cerfa1244771-Annexe1";;;;;;;;;
"ID10045-28-08-05-Cerfa1244771-Annexe2.odt";"ID10045";"Procedure\Dossiers\ID10045-28-08-05-Cerfa1244771-Annexe2.odt";"Item";"28-08-05-Cerfa1244771-Annexe2";;;;;;;;;
"ID10045-28-08-05-Cerfa1244771.odt";"ID10045";"Procedure\Dossiers\ID10045-28-08-05-Cerfa1244771.odt";"Item";"28-08-05-Cerfa1244771";;;;;;;;;
"ID10045-28-08-05-file.xml";"ID10045";"Procedure\Dossiers\ID10045-28-08-05-file.xml";"Item";"28-08-05-file";;;;;;;;;
"ID10045-28-08-05-réponse.pdf";"ID10045";"Procedure\Dossiers\ID10045-28-08-05-réponse.pdf";"Item";"28-08-05-réponse";;;;;;;;;
"ID10046";"ID0";;"RecordGrp";"Cerfa-1244771-ID10046";;"ID10046";"2105-09-03T00:00:00";"REF-D54AF495DEB0";"ROMIN";"Edouard";"Avis administratif";"2105-09-15T06:00:00";"KO"
"ID10046-03-09-05-Cerfa1244771-Annexe1.odt";"ID10046";"Procedure\Dossiers\ID10046-03-09-05-Cerfa1244771-Annexe1.odt";"Item";"03-09-05-Cerfa1244771-Annexe1";;;;;;;;;
"ID10046-03-09-05-Cerfa1244771-Annexe2.odt";"ID10046";"Procedure\Dossiers\ID10046-03-09-05-Cerfa1244771-Annexe2.odt";"Item";"03-09-05-Cerfa1244771-Annexe2";;;;;;;;;
"ID10046-03-09-05-Cerfa1244771.odt";"ID10046";"Procedure\Dossiers\ID10046-03-09-05-Cerfa1244771.odt";"Item";"03-09-05-Cerfa1244771";;;;;;;;;
"ID10046-03-09-05-file.xml";"ID10046";"Procedure\Dossiers\ID10046-03-09-05-file.xml";"Item";"03-09-05-file";;;;;;;;;
"ID10046-03-09-05-réponse.pdf";"ID10046";"Procedure\Dossiers\ID10046-03-09-05-réponse.pdf";"Item";"03-09-05-réponse";;;;;;;;;
"ID10047";"ID0";;"RecordGrp";"Cerfa-1244771-ID10047";;"ID10047";"2105-09-03T00:00:00";"REF-44C98F5797C4";"LAZOTE";"Emmanuel";"Avis administratif";"2105-09-18T02:00:00";"KO"
"ID10047-03-09-05-Cerfa1244771-Annexe1.odt";"ID10047";"Procedure\Dossiers\ID10047-03-09-05-Cerfa1244771-Annexe1.odt";"Item";"03-09-05-Cerfa1244771-Annexe1";;;;;;;;;
"ID10047-03-09-05-Cerfa1244771-Annexe2.odt";"ID10047";"Procedure\Dossiers\ID10047-03-09-05-Cerfa1244771-Annexe2.odt";"Item";"03-09-05-Cerfa1244771-Annexe2";;;;;;;;;
"ID10047-03-09-05-Cerfa1244771.odt";"ID10047";"Procedure\Dossiers\ID10047-03-09-05-Cerfa1244771.odt";"Item";"03-09-05-Cerfa1244771";;;;;;;;;
"ID10047-03-09-05-file.xml";"ID10047";"Procedure\Dossiers\ID10047-03-09-05-file.xml";"Item";"03-09-05-file";;;;;;;;;
"ID10047-03-09-05-réponse.pdf";"ID10047";"Procedure\Dossiers\ID10047-03-09-05-réponse.pdf";"Item";"03-09-05-réponse";;;;;;;;;
"ID10048";"ID0";;"RecordGrp";"Cerfa-1244771-ID10048";;"ID10048";"2105-09-07T00:00:00";"REF-D0753F7063AC";"BORDE";"Mélanie";"Avis administratif";"2105-09-18T23:00:00";"OK"
"ID10048-07-09-05-Cerfa1244771-Annexe1.odt";"ID10048";"Procedure\Dossiers\ID10048-07-09-05-Cerfa1244771-Annexe1.odt";"Item";"07-09-05-Cerfa1244771-Annexe1";;;;;;;;;
"ID10048-07-09-05-Cerfa1244771.odt";"ID10048";"Procedure\Dossiers\ID10048-07-09-05-Cerfa1244771.odt";"Item";"07-09-05-Cerfa1244771";;;;;;;;;
"ID10048-07-09-05-file.xml";"ID10048";"Procedure\Dossiers\ID10048-07-09-05-file.xml";"Item";"07-09-05-file";;;;;;;;;
"ID10048-07-09-05-réponse.pdf";"ID10048";"Procedure\Dossiers\ID10048-07-09-05-réponse.pdf";"Item";"07-09-05-réponse";;;;;;;;;
"ID10049";"ID0";;"RecordGrp";"Cerfa-1244771-ID10049";;"ID10049";"2105-09-18T00:00:00";"REF-81EC64B06368";"AFINA";"Pierre";"Avis administratif";"2105-10-03T22:00:00";"KO"
"ID10049-18-09-05-Cerfa1244771-Annexe1.odt";"ID10049";"Procedure\Dossiers\ID10049-18-09-05-Cerfa1244771-Annexe1.odt";"Item";"18-09-05-Cerfa1244771-Annexe1";;;;;;;;;
"ID10049-18-09-05-Cerfa1244771.odt";"ID10049";"Procedure\Dossiers\ID10049-18-09-05-Cerfa1244771.odt";"Item";"18-09-05-Cerfa1244771";;;;;;;;;
"ID10049-18-09-05-file.xml";"ID10049";"Procedure\Dossiers\ID10049-18-09-05-file.xml";"Item";"18-09-05-file";;;;;;;;;
"ID10049-18-09-05-réponse.pdf";"ID10049";"Procedure\Dossiers\ID10049-18-09-05-réponse.pdf";"Item";"18-09-05-réponse";;;;;;;;;
"ID10050";"ID0";;"RecordGrp";"Cerfa-1244771-ID10050";;"ID10050";"2105-09-25T00:00:00";"REF-F4983A534361";"ENVERS";"Nathalie";"Avis administratif";"2105-10-06T11:00:00";"OK"
"ID10050-25-09-05-Cerfa1244771-Annexe1.odt";"ID10050";"Procedure\Dossiers\ID10050-25-09-05-Cerfa1244771-Annexe1.odt";"Item";"25-09-05-Cerfa1244771-Annexe1";;;;;;;;;
"ID10050-25-09-05-Cerfa1244771.odt";"ID10050";"Procedure\Dossiers\ID10050-25-09-05-Cerfa1244771.odt";"Item";"25-09-05-Cerfa1244771";;;;;;;;;
"ID10050-25-09-05-file.xml";"ID10050";"Procedure\Dossiers\ID10050-25-09-05-file.xml";"Item";"25-09-05-file";;;;;;;;;
"ID10050-25-09-05-réponse.pdf";"ID10050";"Procedure\Dossiers\ID10050-25-09-05-réponse.pdf";"Item";"25-09-05-réponse";;;;;;;;;
"ID10051";"ID0";;"RecordGrp";"Cerfa-1244771-ID10051";;"ID10051";"2105-10-06T00:00:00";"REF-47576556DE2B";"ROMIN";"Nathalie";"Avis administratif";"2105-10-20T09:00:00";"KO"
"ID10051-06-10-05-Cerfa1244771-Annexe1.odt";"ID10051";"Procedure\Dossiers\ID10051-06-10-05-Cerfa1244771-Annexe1.odt";"Item";"06-10-05-Cerfa1244771-Annexe1";;;;;;;;;
"ID10051-06-10-05-Cerfa1244771-Annexe2.odt";"ID10051";"Procedure\Dossiers\ID10051-06-10-05-Cerfa1244771-Annexe2.odt";"Item";"06-10-05-Cerfa1244771-Annexe2";;;;;;;;;
"ID10051-06-10-05-Cerfa1244771.odt";"ID10051";"Procedure\Dossiers\ID10051-06-10-05-Cerfa1244771.odt";"Item";"06-10-05-Cerfa1244771";;;;;;;;;
"ID10051-06-10-05-file.xml";"ID10051";"Procedure\Dossiers\ID10051-06-10-05-file.xml";"Item";"06-10-05-file";;;;;;;;;
"ID10051-06-10-05-réponse.pdf";"ID10051";"Procedure\Dossiers\ID10051-06-10-05-réponse.pdf";"Item";"06-10-05-réponse";;;;;;;;;
"ID10052";"ID0";;"RecordGrp";"Cerfa-1244771-ID10052";;"ID10052";"2105-10-20T00:00:00";"REF-40D3297E0120";"ENVERS";"Jean";"Avis administratif";"2105-11-06T11:00:00";"OK"
"ID10052-20-10-05-Cerfa1244771-Annexe1.odt";"ID10052";"Procedure\Dossiers\ID10052-20-10-05-Cerfa1244771-Annexe1.odt";"Item";"20-10-05-Cerfa1244771-Annexe1";;;;;;;;;
"ID10052-20-10-05-Cerfa1244771-Annexe2.odt";"ID10052";"Procedure\Dossiers\ID10052-20-10-05-Cerfa1244771-Annexe2.odt";"Item";"20-10-05-Cerfa1244771-Annexe2";;;;;;;;;
"ID10052-20-10-05-Cerfa1244771.odt";"ID10052";"Procedure\Dossiers\ID10052-20-10-05-Cerfa1244771.odt";"Item";"20-10-05-Cerfa1244771";;;;;;;;;
"ID10052-20-10-05-file.xml";"ID10052";"Procedure\Dossiers\ID10052-20-10-05-file.xml";"Item";"20-10-05-file";;;;;;;;;
"ID10052-20-10-05-réponse.pdf";"ID10052";"Procedure\Dossiers\ID10052-20-10-05-réponse.pdf";"Item";"20-10-05-réponse";;;;;;;;;
"ID10053";"ID0";;"RecordGrp";"Cerfa-1244771-ID10053";;"ID10053";"2105-10-20T00:00:00";"REF-A6D370E86EE9";"LEVASSEUR";"Marion";"Avis administratif";"2105-11-04T02:00:00";"KO"
"ID10053-20-10-05-Cerfa1244771-Annexe1.odt";"ID10053";"Procedure\Dossiers\ID10053-20-10-05-Cerfa1244771-Annexe1.odt";"Item";"20-10-05-Cerfa1244771-Annexe1";;;;;;;;;
"ID10053-20-10-05-Cerfa1244771-Annexe2.odt";"ID10053";"Procedure\Dossiers\ID10053-20-10-05-Cerfa1244771-Annexe2.odt";"Item";"20-10-05-Cerfa1244771-Annexe2";;;;;;;;;
"ID10053-20-10-05-Cerfa1244771.odt";"ID10053";"Procedure\Dossiers\ID10053-20-10-05-Cerfa1244771.odt";"Item";"20-10-05-Cerfa1244771";;;;;;;;;
"ID10053-20-10-05-file.xml";"ID10053";"Procedure\Dossiers\ID10053-20-10-05-file.xml";"Item";"20-10-05-file";;;;;;;;;
"ID10053-20-10-05-réponse.pdf";"ID10053";"Procedure\Dossiers\ID10053-20-10-05-réponse.pdf";"Item";"20-10-05-réponse";;;;;;;;;
"ID10054";"ID0";;"RecordGrp";"Cerfa-1244771-ID10054";;"ID10054";"2105-10-25T23:00:00";"REF-44C98F5797C4";"LAZOTE";"Emmanuel";"Avis administratif";"2105-11-14T13:00:00";"OK"
"ID10054-25-10-05-Cerfa1244771-Annexe1.odt";"ID10054";"Procedure\Dossiers\ID10054-25-10-05-Cerfa1244771-Annexe1.odt";"Item";"25-10-05-Cerfa1244771-Annexe1";;;;;;;;;
"ID10054-25-10-05-Cerfa1244771-Annexe2.odt";"ID10054";"Procedure\Dossiers\ID10054-25-10-05-Cerfa1244771-Annexe2.odt";"Item";"25-10-05-Cerfa1244771-Annexe2";;;;;;;;;
"ID10054-25-10-05-Cerfa1244771.odt";"ID10054";"Procedure\Dossiers\ID10054-25-10-05-Cerfa1244771.odt";"Item";"25-10-05-Cerfa1244771";;;;;;;;;
"ID10054-25-10-05-file.xml";"ID10054";"Procedure\Dossiers\ID10054-25-10-05-file.xml";"Item";"25-10-05-file";;;;;;;;;
"ID10054-25-10-05-réponse.pdf";"ID10054";"Procedure\Dossiers\ID10054-25-10-05-réponse.pdf";"Item";"25-10-05-réponse";;;;;;;;;
"ID10055";"ID0";;"RecordGrp";"Cerfa-1244771-ID10055";;"ID10055";"2105-11-11T23:00:00";"REF-E32F6EB4C757";"BORDE";"Mehdi";"Avis administratif";"2105-11-23T06:00:00";"KO"
"ID10055-11-11-05-Cerfa1244771-Annexe1.odt";"ID10055";"Procedure\Dossiers\ID10055-11-11-05-Cerfa1244771-Annexe1.odt";"Item";"11-11-05-Cerfa1244771-Annexe1";;;;;;;;;
"ID10055-11-11-05-Cerfa1244771-Annexe2.odt";"ID10055";"Procedure\Dossiers\ID10055-11-11-05-Cerfa1244771-Annexe2.odt";"Item";"11-11-05-Cerfa1244771-Annexe2";;;;;;;;;
"ID10055-11-11-05-Cerfa1244771.odt";"ID10055";"Procedure\Dossiers\ID10055-11-11-05-Cerfa1244771.odt";"Item";"11-11-05-Cerfa1244771";;;;;;;;;
"ID10055-11-11-05-file.xml";"ID10055";"Procedure\Dossiers\ID10055-11-11-05-file.xml";"Item";"11-11-05-file";;;;;;;;;
"ID10055-11-11-05-réponse.pdf";"ID10055";"Procedure\Dossiers\ID10055-11-11-05-réponse.pdf";"Item";"11-11-05-réponse";;;;;;;;;
"ID10056";"ID0";;"RecordGrp";"Cerfa-1244771-ID10056";;"ID10056";"2105-11-24T23:00:00";"REF-8BA441CCCE9F";"BOURG";"Nathalie";"Avis administratif";"2105-12-09T01:00:00";"OK"
"ID10056-24-11-05-Cerfa1244771-Annexe1.odt";"ID10056";"Procedure\Dossiers\ID10056-24-11-05-Cerfa1244771-Annexe1.odt";"Item";"24-11-05-Cerfa1244771-Annexe1";;;;;;;;;
"ID10056-24-11-05-Cerfa1244771-Annexe2.odt";"ID10056";"Procedure\Dossiers\ID10056-24-11-05-Cerfa1244771-Annexe2.odt";"Item";"24-11-05-Cerfa1244771-Annexe2";;;;;;;;;
"ID10056-24-11-05-Cerfa1244771.odt";"ID10056";"Procedure\Dossiers\ID10056-24-11-05-Cerfa1244771.odt";"Item";"24-11-05-Cerfa1244771";;;;;;;;;
"ID10056-24-11-05-file.xml";"ID10056";"Procedure\Dossiers\ID10056-24-11-05-file.xml";"Item";"24-11-05-file";;;;;;;;;
"ID10056-24-11-05-réponse.pdf";"ID10056";"Procedure\Dossiers\ID10056-24-11-05-réponse.pdf";"Item";"24-11-05-réponse";;;;;;;;;
"ID10057";"ID0";;"RecordGrp";"Cerfa-1244771-ID10057";;"ID10057";"2105-11-24T23:00:00";"REF-0E601D09DF21";"LAZOTE";"Marion";"Avis administratif";"2105-12-05T18:00:00";"OK"
"ID10057-24-11-05-Cerfa1244771-Annexe1.odt";"ID10057";"Procedure\Dossiers\ID10057-24-11-05-Cerfa1244771-Annexe1.odt";"Item";"24-11-05-Cerfa1244771-Annexe1";;;;;;;;;
"ID10057-24-11-05-Cerfa1244771-Annexe2.odt";"ID10057";"Procedure\Dossiers\ID10057-24-11-05-Cerfa1244771-Annexe2.odt";"Item";"24-11-05-Cerfa1244771-Annexe2";;;;;;;;;
"ID10057-24-11-05-Cerfa1244771.odt";"ID10057";"Procedure\Dossiers\ID10057-24-11-05-Cerfa1244771.odt";"Item";"24-11-05-Cerfa1244771";;;;;;;;;
"ID10057-24-11-05-file.xml";"ID10057";"Procedure\Dossiers\ID10057-24-11-05-file.xml";"Item";"24-11-05-file";;;;;;;;;
"ID10057-24-11-05-réponse.pdf";"ID10057";"Procedure\Dossiers\ID10057-24-11-05-réponse.pdf";"Item";"24-11-05-réponse";;;;;;;;;
"ID10058";"ID0";;"RecordGrp";"Cerfa-1244771-ID10058";;"ID10058";"2105-11-28T23:00:00";"REF-ACC81853BA7E";"LAZOTE";"Pierre";"Avis administratif";"2105-12-17T07:00:00";"OK"
"ID10058-28-11-05-Cerfa1244771-Annexe1.odt";"ID10058";"Procedure\Dossiers\ID10058-28-11-05-Cerfa1244771-Annexe1.odt";"Item";"28-11-05-Cerfa1244771-Annexe1";;;;;;;;;
"ID10058-28-11-05-Cerfa1244771-Annexe2.odt";"ID10058";"Procedure\Dossiers\ID10058-28-11-05-Cerfa1244771-Annexe2.odt";"Item";"28-11-05-Cerfa1244771-Annexe2";;;;;;;;;
"ID10058-28-11-05-Cerfa1244771.odt";"ID10058";"Procedure\Dossiers\ID10058-28-11-05-Cerfa1244771.odt";"Item";"28-11-05-Cerfa1244771";;;;;;;;;
"ID10058-28-11-05-file.xml";"ID10058";"Procedure\Dossiers\ID10058-28-11-05-file.xml";"Item";"28-11-05-file";;;;;;;;;
"ID10058-28-11-05-réponse.pdf";"ID10058";"Procedure\Dossiers\ID10058-28-11-05-réponse.pdf";"Item";"28-11-05-réponse";;;;;;;;;
"ID10059";"ID0";;"RecordGrp";"Cerfa-1244771-ID10059";;"ID10059";"2105-12-09T23:00:00";"REF-B52DA49569DC";"LAZOTE";"Mélanie";"Avis administratif";"2105-12-23T03:00:00";"OK"
"ID10059-09-12-05-Cerfa1244771-Annexe1.odt";"ID10059";"Procedure\Dossiers\ID10059-09-12-05-Cerfa1244771-Annexe1.odt";"Item";"09-12-05-Cerfa1244771-Annexe1";;;;;;;;;
"ID10059-09-12-05-Cerfa1244771-Annexe2.odt";"ID10059";"Procedure\Dossiers\ID10059-09-12-05-Cerfa1244771-Annexe2.odt";"Item";"09-12-05-Cerfa1244771-Annexe2";;;;;;;;;
"ID10059-09-12-05-Cerfa1244771.odt";"ID10059";"Procedure\Dossiers\ID10059-09-12-05-Cerfa1244771.odt";"Item";"09-12-05-Cerfa1244771";;;;;;;;;
"ID10059-09-12-05-file.xml";"ID10059";"Procedure\Dossiers\ID10059-09-12-05-file.xml";"Item";"09-12-05-file";;;;;;;;;
"ID10059-09-12-05-réponse.pdf";"ID10059";"Procedure\Dossiers\ID10059-09-12-05-réponse.pdf";"Item";"09-12-05-réponse";;;;;;;;;
"ID10060";"ID0";;"RecordGrp";"Cerfa-1244771-ID10060";;"ID10060";"2105-12-25T23:00:00";"REF-79E08D33E2A3";"ENVERS";"Edouard";"Avis administratif";"2106-01-07T23:00:00";"OK"
"ID10060-25-12-05-Cerfa1244771-Annexe1.odt";"ID10060";"Procedure\Dossiers\ID10060-25-12-05-Cerfa1244771-Annexe1.odt";"Item";"25-12-05-Cerfa1244771-Annexe1";;;;;;;;;
"ID10060-25-12-05-Cerfa1244771.odt";"ID10060";"Procedure\Dossiers\ID10060-25-12-05-Cerfa1244771.odt";"Item";"25-12-05-Cerfa1244771";;;;;;;;;
"ID10060-25-12-05-file.xml";"ID10060";"Procedure\Dossiers\ID10060-25-12-05-file.xml";"Item";"25-12-05-file";;;;;;;;;
"ID10060-25-12-05-réponse.pdf";"ID10060";"Procedure\Dossiers\ID10060-25-12-05-réponse.pdf";"Item";"25-12-05-réponse";;;;;;;;;
"ID10061";"ID0";;"RecordGrp";"Cerfa-1244771-ID10061";;"ID10061";"2106-01-09T23:00:00";"REF-3182D6204A41";"ENVERS";"Marion";"Avis administratif";"2106-01-21T18:00:00";"KO"
"ID10061-09-01-06-Cerfa1244771-Annexe1.odt";"ID10061";"Procedure\Dossiers\ID10061-09-01-06-Cerfa1244771-Annexe1.odt";"Item";"09-01-06-Cerfa1244771-Annexe1";;;;;;;;;
"ID10061-09-01-06-Cerfa1244771-Annexe2.odt";"ID10061";"Procedure\Dossiers\ID10061-09-01-06-Cerfa1244771-Annexe2.odt";"Item";"09-01-06-Cerfa1244771-Annexe2";;;;;;;;;
"ID10061-09-01-06-Cerfa1244771.odt";"ID10061";"Procedure\Dossiers\ID10061-09-01-06-Cerfa1244771.odt";"Item";"09-01-06-Cerfa1244771";;;;;;;;;
"ID10061-09-01-06-file.xml";"ID10061";"Procedure\Dossiers\ID10061-09-01-06-file.xml";"Item";"09-01-06-file";;;;;;;;;
"ID10061-09-01-06-réponse.pdf";"ID10061";"Procedure\Dossiers\ID10061-09-01-06-réponse.pdf";"Item";"09-01-06-réponse";;;;;;;;;
"ID10062";"ID0";;"RecordGrp";"Cerfa-1244771-ID10062";;"ID10062";"2106-01-28T23:00:00";"REF-81EC64B06368";"AFINA";"Pierre";"Avis administratif";"2106-02-15T21:00:00";"OK"
"ID10062-28-01-06-Cerfa1244771-Annexe1.odt";"ID10062";"Procedure\Dossiers\ID10062-28-01-06-Cerfa1244771-Annexe1.odt";"Item";"28-01-06-Cerfa1244771-Annexe1";;;;;;;;;
"ID10062-28-01-06-Cerfa1244771-Annexe2.odt";"ID10062";"Procedure\Dossiers\ID10062-28-01-06-Cerfa1244771-Annexe2.odt";"Item";"28-01-06-Cerfa1244771-Annexe2";;;;;;;;;
"ID10062-28-01-06-Cerfa1244771.odt";"ID10062";"Procedure\Dossiers\ID10062-28-01-06-Cerfa1244771.odt";"Item";"28-01-06-Cerfa1244771";;;;;;;;;
"ID10062-28-01-06-file.xml";"ID10062";"Procedure\Dossiers\ID10062-28-01-06-file.xml";"Item";"28-01-06-file";;;;;;;;;
"ID10062-28-01-06-réponse.pdf";"ID10062";"Procedure\Dossiers\ID10062-28-01-06-réponse.pdf";"Item";"28-01-06-réponse";;;;;;;;;
"ID10063";"ID0";;"RecordGrp";"Cerfa-1244771-ID10063";;"ID10063";"2106-02-12T23:00:00";"REF-6DFB6932516B";"BOURG";"Mélanie";"Avis administratif";"2106-02-24T06:00:00";"KO"
"ID10063-12-02-06-Cerfa1244771-Annexe1.odt";"ID10063";"Procedure\Dossiers\ID10063-12-02-06-Cerfa1244771-Annexe1.odt";"Item";"12-02-06-Cerfa1244771-Annexe1";;;;;;;;;
"ID10063-12-02-06-Cerfa1244771-Annexe2.odt";"ID10063";"Procedure\Dossiers\ID10063-12-02-06-Cerfa1244771-Annexe2.odt";"Item";"12-02-06-Cerfa1244771-Annexe2";;;;;;;;;
"ID10063-12-02-06-Cerfa1244771.odt";"ID10063";"Procedure\Dossiers\ID10063-12-02-06-Cerfa1244771.odt";"Item";"12-02-06-Cerfa1244771";;;;;;;;;
"ID10063-12-02-06-file.xml";"ID10063";"Procedure\Dossiers\ID10063-12-02-06-file.xml";"Item";"12-02-06-file";;;;;;;;;
"ID10063-12-02-06-réponse.pdf";"ID10063";"Procedure\Dossiers\ID10063-12-02-06-réponse.pdf";"Item";"12-02-06-réponse";;;;;;;;;
"ID10064";"ID0";;"RecordGrp";"Cerfa-1244771-ID10064";;"ID10064";"2106-02-16T23:00:00";"REF-507056AA4070";"AFINA";"Nathalie";"Avis administratif";"2106-03-04T20:00:00";"KO"
"ID10064-16-02-06-Cerfa1244771-Annexe1.odt";"ID10064";"Procedure\Dossiers\ID10064-16-02-06-Cerfa1244771-Annexe1.odt";"Item";"16-02-06-Cerfa1244771-Annexe1";;;;;;;;;
"ID10064-16-02-06-Cerfa1244771-Annexe2.odt";"ID10064";"Procedure\Dossiers\ID10064-16-02-06-Cerfa1244771-Annexe2.odt";"Item";"16-02-06-Cerfa1244771-Annexe2";;;;;;;;;
"ID10064-16-02-06-Cerfa1244771.odt";"ID10064";"Procedure\Dossiers\ID10064-16-02-06-Cerfa1244771.odt";"Item";"16-02-06-Cerfa1244771";;;;;;;;;
"ID10064-16-02-06-file.xml";"ID10064";"Procedure\Dossiers\ID10064-16-02-06-file.xml";"Item";"16-02-06-file";;;;;;;;;
"ID10064-16-02-06-réponse.pdf";"ID10064";"Procedure\Dossiers\ID10064-16-02-06-réponse.pdf";"Item";"16-02-06-réponse";;;;;;;;;
"ID10065";"ID0";;"RecordGrp";"Cerfa-1244771-ID10065";;"ID10065";"2106-02-20T23:00:00";"REF-24742A1AD010";"BORDE";"Jean";"Avis administratif";"2106-03-04T06:00:00";"KO"
"ID10065-20-02-06-Cerfa1244771-Annexe1.odt";"ID10065";"Procedure\Dossiers\ID10065-20-02-06-Cerfa1244771-Annexe1.odt";"Item";"20-02-06-Cerfa1244771-Annexe1";;;;;;;;;
"ID10065-20-02-06-Cerfa1244771-Annexe2.odt";"ID10065";"Procedure\Dossiers\ID10065-20-02-06-Cerfa1244771-Annexe2.odt";"Item";"20-02-06-Cerfa1244771-Annexe2";;;;;;;;;
"ID10065-20-02-06-Cerfa1244771.odt";"ID10065";"Procedure\Dossiers\ID10065-20-02-06-Cerfa1244771.odt";"Item";"20-02-06-Cerfa1244771";;;;;;;;;
"ID10065-20-02-06-file.xml";"ID10065";"Procedure\Dossiers\ID10065-20-02-06-file.xml";"Item";"20-02-06-file";;;;;;;;;
"ID10065-20-02-06-réponse.pdf";"ID10065";"Procedure\Dossiers\ID10065-20-02-06-réponse.pdf";"Item";"20-02-06-réponse";;;;;;;;;
"ID10066";"ID0";;"RecordGrp";"Cerfa-1244771-ID10066";;"ID10066";"2106-02-28T23:00:00";"REF-A903056805CB";"ENVERS";"Mehdi";"Avis administratif";"2106-03-16T17:00:00";"OK"
"ID10066-28-02-06-Cerfa1244771-Annexe1.odt";"ID10066";"Procedure\Dossiers\ID10066-28-02-06-Cerfa1244771-Annexe1.odt";"Item";"28-02-06-Cerfa1244771-Annexe1";;;;;;;;;
"ID10066-28-02-06-Cerfa1244771-Annexe2.odt";"ID10066";"Procedure\Dossiers\ID10066-28-02-06-Cerfa1244771-Annexe2.odt";"Item";"28-02-06-Cerfa1244771-Annexe2";;;;;;;;;
"ID10066-28-02-06-Cerfa1244771.odt";"ID10066";"Procedure\Dossiers\ID10066-28-02-06-Cerfa1244771.odt";"Item";"28-02-06-Cerfa1244771";;;;;;;;;
"ID10066-28-02-06-file.xml";"ID10066";"Procedure\Dossiers\ID10066-28-02-06-file.xml";"Item";"28-02-06-file";;;;;;;;;
"ID10066-28-02-06-réponse.pdf";"ID10066";"Procedure\Dossiers\ID10066-28-02-06-réponse.pdf";"Item";"28-02-06-réponse";;;;;;;;;
"ID10067";"ID0";;"RecordGrp";"Cerfa-1244771-ID10067";;"ID10067";"2106-03-14T23:00:00";"REF-BE3F5CD85105";"CHEVAL";"Marion";"Avis administratif";"2106-04-03T01:00:00";"OK"
"ID10067-14-03-06-Cerfa1244771-Annexe1.odt";"ID10067";"Procedure\Dossiers\ID10067-14-03-06-Cerfa1244771-Annexe1.odt";"Item";"14-03-06-Cerfa1244771-Annexe1";;;;;;;;;
"ID10067-14-03-06-Cerfa1244771-Annexe2.odt";"ID10067";"Procedure\Dossiers\ID10067-14-03-06-Cerfa1244771-Annexe2.odt";"Item";"14-03-06-Cerfa1244771-Annexe2";;;;;;;;;
"ID10067-14-03-06-Cerfa1244771.odt";"ID10067";"Procedure\Dossiers\ID10067-14-03-06-Cerfa1244771.odt";"Item";"14-03-06-Cerfa1244771";;;;;;;;;
"ID10067-14-03-06-file.xml";"ID10067";"Procedure\Dossiers\ID10067-14-03-06-file.xml";"Item";"14-03-06-file";;;;;;;;;
"ID10067-14-03-06-réponse.pdf";"ID10067";"Procedure\Dossiers\ID10067-14-03-06-réponse.pdf";"Item";"14-03-06-réponse";;;;;;;;;
"ID10068";"ID0";;"RecordGrp";"Cerfa-1244771-ID10068";;"ID10068";"2106-03-26T23:00:00";"REF-1B02791E64D1";"ROMIN";"Jean";"Avis administratif";"2106-04-06T18:00:00";"OK"
"ID10068-26-03-06-Cerfa1244771-Annexe1.odt";"ID10068";"Procedure\Dossiers\ID10068-26-03-06-Cerfa1244771-Annexe1.odt";"Item";"26-03-06-Cerfa1244771-Annexe1";;;;;;;;;
"ID10068-26-03-06-Cerfa1244771.odt";"ID10068";"Procedure\Dossiers\ID10068-26-03-06-Cerfa1244771.odt";"Item";"26-03-06-Cerfa1244771";;;;;;;;;
"ID10068-26-03-06-file.xml";"ID10068";"Procedure\Dossiers\ID10068-26-03-06-file.xml";"Item";"26-03-06-file";;;;;;;;;
"ID10068-26-03-06-réponse.pdf";"ID10068";"Procedure\Dossiers\ID10068-26-03-06-réponse.pdf";"Item";"26-03-06-réponse";;;;;;;;;
"ID10069";"ID0";;"RecordGrp";"Cerfa-1244771-ID10069";;"ID10069";"2106-03-27T23:00:00";"REF-AC1A6DC108B3";"BORDE";"Marion";"Avis administratif";"2106-04-07T06:00:00";"OK"
"ID10069-27-03-06-Cerfa1244771-Annexe1.odt";"ID10069";"Procedure\Dossiers\ID10069-27-03-06-Cerfa1244771-Annexe1.odt";"Item";"27-03-06-Cerfa1244771-Annexe1";;;;;;;;;
"ID10069-27-03-06-Cerfa1244771-Annexe2.odt";"ID10069";"Procedure\Dossiers\ID10069-27-03-06-Cerfa1244771-Annexe2.odt";"Item";"27-03-06-Cerfa1244771-Annexe2";;;;;;;;;
"ID10069-27-03-06-Cerfa1244771.odt";"ID10069";"Procedure\Dossiers\ID10069-27-03-06-Cerfa1244771.odt";"Item";"27-03-06-Cerfa1244771";;;;;;;;;
"ID10069-27-03-06-file.xml";"ID10069";"Procedure\Dossiers\ID10069-27-03-06-file.xml";"Item";"27-03-06-file";;;;;;;;;
"ID10069-27-03-06-réponse.pdf";"ID10069";"Procedure\Dossiers\ID10069-27-03-06-réponse.pdf";"Item";"27-03-06-réponse";;;;;;;;;
"ID10070";"ID0";;"RecordGrp";"Cerfa-1244771-ID10070";;"ID10070";"2106-04-06T00:00:00";"REF-F4983A534361";"ENVERS";"Nathalie";"Avis administratif";"2106-04-17T18:00:00";"OK"
"ID10070-06-04-06-Cerfa1244771-Annexe1.odt";"ID10070";"Procedure\Dossiers\ID10070-06-04-06-Cerfa1244771-Annexe1.odt";"Item";"06-04-06-Cerfa1244771-Annexe1";;;;;;;;;
"ID10070-06-04-06-Cerfa1244771-Annexe2.odt";"ID10070";"Procedure\Dossiers\ID10070-06-04-06-Cerfa1244771-Annexe2.odt";"Item";"06-04-06-Cerfa1244771-Annexe2";;;;;;;;;
"ID10070-06-04-06-Cerfa1244771.odt";"ID10070";"Procedure\Dossiers\ID10070-06-04-06-Cerfa1244771.odt";"Item";"06-04-06-Cerfa1244771";;;;;;;;;
"ID10070-06-04-06-file.xml";"ID10070";"Procedure\Dossiers\ID10070-06-04-06-file.xml";"Item";"06-04-06-file";;;;;;;;;
"ID10070-06-04-06-réponse.pdf";"ID10070";"Procedure\Dossiers\ID10070-06-04-06-réponse.pdf";"Item";"06-04-06-réponse";;;;;;;;;
"ID10071";"ID0";;"RecordGrp";"Cerfa-1244771-ID10071";;"ID10071";"2106-04-09T00:00:00";"REF-47576556DE2B";"ROMIN";"Nathalie";"Avis administratif";"2106-04-20T20:00:00";"OK"
"ID10071-09-04-06-Cerfa1244771-Annexe1.odt";"ID10071";"Procedure\Dossiers\ID10071-09-04-06-Cerfa1244771-Annexe1.odt";"Item";"09-04-06-Cerfa1244771-Annexe1";;;;;;;;;
"ID10071-09-04-06-Cerfa1244771-Annexe2.odt";"ID10071";"Procedure\Dossiers\ID10071-09-04-06-Cerfa1244771-Annexe2.odt";"Item";"09-04-06-Cerfa1244771-Annexe2";;;;;;;;;
"ID10071-09-04-06-Cerfa1244771.odt";"ID10071";"Procedure\Dossiers\ID10071-09-04-06-Cerfa1244771.odt";"Item";"09-04-06-Cerfa1244771";;;;;;;;;
"ID10071-09-04-06-file.xml";"ID10071";"Procedure\Dossiers\ID10071-09-04-06-file.xml";"Item";"09-04-06-file";;;;;;;;;
"ID10071-09-04-06-réponse.pdf";"ID10071";"Procedure\Dossiers\ID10071-09-04-06-réponse.pdf";"Item";"09-04-06-réponse";;;;;;;;;
"ID10072";"ID0";;"RecordGrp";"Cerfa-1244771-ID10072";;"ID10072";"2106-04-17T00:00:00";"REF-481AA87A167F";"LEVASSEUR";"Mélanie";"Avis administratif";"2106-05-01T02:00:00";"OK"
"ID10072-17-04-06-Cerfa1244771-Annexe1.odt";"ID10072";"Procedure\Dossiers\ID10072-17-04-06-Cerfa1244771-Annexe1.odt";"Item";"17-04-06-Cerfa1244771-Annexe1";;;;;;;;;
"ID10072-17-04-06-Cerfa1244771.odt";"ID10072";"Procedure\Dossiers\ID10072-17-04-06-Cerfa1244771.odt";"Item";"17-04-06-Cerfa1244771";;;;;;;;;
"ID10072-17-04-06-file.xml";"ID10072";"Procedure\Dossiers\ID10072-17-04-06-file.xml";"Item";"17-04-06-file";;;;;;;;;
"ID10072-17-04-06-réponse.pdf";"ID10072";"Procedure\Dossiers\ID10072-17-04-06-réponse.pdf";"Item";"17-04-06-réponse";;;;;;;;;
"ID10073";"ID0";;"RecordGrp";"Cerfa-1244771-ID10073";;"ID10073";"2106-04-24T00:00:00";"REF-BE3F5CD85105";"CHEVAL";"Marion";"Avis administratif";"2106-05-06T04:00:00";"OK"
"ID10073-24-04-06-Cerfa1244771-Annexe1.odt";"ID10073";"Procedure\Dossiers\ID10073-24-04-06-Cerfa1244771-Annexe1.odt";"Item";"24-04-06-Cerfa1244771-Annexe1";;;;;;;;;
"ID10073-24-04-06-Cerfa1244771.odt";"ID10073";"Procedure\Dossiers\ID10073-24-04-06-Cerfa1244771.odt";"Item";"24-04-06-Cerfa1244771";;;;;;;;;
"ID10073-24-04-06-file.xml";"ID10073";"Procedure\Dossiers\ID10073-24-04-06-file.xml";"Item";"24-04-06-file";;;;;;;;;
"ID10073-24-04-06-réponse.pdf";"ID10073";"Procedure\Dossiers\ID10073-24-04-06-réponse.pdf";"Item";"24-04-06-réponse";;;;;;;;;
"ID10074";"ID0";;"RecordGrp";"Cerfa-1244771-ID10074";;"ID10074";"2106-04-28T00:00:00";"REF-BD2FDF5D4983";"CHEVAL";"Mélanie";"Avis administratif";"2106-05-16T04:00:00";"OK"
"ID10074-28-04-06-Cerfa1244771-Annexe1.odt";"ID10074";"Procedure\Dossiers\ID10074-28-04-06-Cerfa1244771-Annexe1.odt";"Item";"28-04-06-Cerfa1244771-Annexe1";;;;;;;;;
"ID10074-28-04-06-Cerfa1244771.odt";"ID10074";"Procedure\Dossiers\ID10074-28-04-06-Cerfa1244771.odt";"Item";"28-04-06-Cerfa1244771";;;;;;;;;
"ID10074-28-04-06-file.xml";"ID10074";"Procedure\Dossiers\ID10074-28-04-06-file.xml";"Item";"28-04-06-file";;;;;;;;;
"ID10074-28-04-06-réponse.pdf";"ID10074";"Procedure\Dossiers\ID10074-28-04-06-réponse.pdf";"Item";"28-04-06-réponse";;;;;;;;;
"ID10075";"ID0";;"RecordGrp";"Cerfa-1244771-ID10075";;"ID10075";"2106-05-01T00:00:00";"REF-A34571A9596D";"ENVERS";"Pierre";"Avis administratif";"2106-05-17T14:00:00";"KO"
"ID10075-01-05-06-Cerfa1244771-Annexe1.odt";"ID10075";"Procedure\Dossiers\ID10075-01-05-06-Cerfa1244771-Annexe1.odt";"Item";"01-05-06-Cerfa1244771-Annexe1";;;;;;;;;
"ID10075-01-05-06-Cerfa1244771-Annexe2.odt";"ID10075";"Procedure\Dossiers\ID10075-01-05-06-Cerfa1244771-Annexe2.odt";"Item";"01-05-06-Cerfa1244771-Annexe2";;;;;;;;;
"ID10075-01-05-06-Cerfa1244771.odt";"ID10075";"Procedure\Dossiers\ID10075-01-05-06-Cerfa1244771.odt";"Item";"01-05-06-Cerfa1244771";;;;;;;;;
"ID10075-01-05-06-file.xml";"ID10075";"Procedure\Dossiers\ID10075-01-05-06-file.xml";"Item";"01-05-06-file";;;;;;;;;
"ID10075-01-05-06-réponse.pdf";"ID10075";"Procedure\Dossiers\ID10075-01-05-06-réponse.pdf";"Item";"01-05-06-réponse";;;;;;;;;
"ID10076";"ID0";;"RecordGrp";"Cerfa-1244771-ID10076";;"ID10076";"2106-05-20T00:00:00";"REF-96C2D3210481";"BOURG";"Pierre";"Avis administratif";"2106-06-05T11:00:00";"OK"
"ID10076-20-05-06-Cerfa1244771-Annexe1.odt";"ID10076";"Procedure\Dossiers\ID10076-20-05-06-Cerfa1244771-Annexe1.odt";"Item";"20-05-06-Cerfa1244771-Annexe1";;;;;;;;;
"ID10076-20-05-06-Cerfa1244771-Annexe2.odt";"ID10076";"Procedure\Dossiers\ID10076-20-05-06-Cerfa1244771-Annexe2.odt";"Item";"20-05-06-Cerfa1244771-Annexe2";;;;;;;;;
"ID10076-20-05-06-Cerfa1244771.odt";"ID10076";"Procedure\Dossiers\ID10076-20-05-06-Cerfa1244771.odt";"Item";"20-05-06-Cerfa1244771";;;;;;;;;
"ID10076-20-05-06-file.xml";"ID10076";"Procedure\Dossiers\ID10076-20-05-06-file.xml";"Item";"20-05-06-file";;;;;;;;;
"ID10076-20-05-06-réponse.pdf";"ID10076";"Procedure\Dossiers\ID10076-20-05-06-réponse.pdf";"Item";"20-05-06-réponse";;;;;;;;;
"ID10077";"ID0";;"RecordGrp";"Cerfa-1244771-ID10077";;"ID10077";"2106-06-03T00:00:00";"REF-58DDB8E21AFC";"LAZOTE";"Mehdi";"Avis administratif";"2106-06-15T13:00:00";"OK"
"ID10077-03-06-06-Cerfa1244771-Annexe1.odt";"ID10077";"Procedure\Dossiers\ID10077-03-06-06-Cerfa1244771-Annexe1.odt";"Item";"03-06-06-Cerfa1244771-Annexe1";;;;;;;;;
"ID10077-03-06-06-Cerfa1244771-Annexe2.odt";"ID10077";"Procedure\Dossiers\ID10077-03-06-06-Cerfa1244771-Annexe2.odt";"Item";"03-06-06-Cerfa1244771-Annexe2";;;;;;;;;
"ID10077-03-06-06-Cerfa1244771.odt";"ID10077";"Procedure\Dossiers\ID10077-03-06-06-Cerfa1244771.odt";"Item";"03-06-06-Cerfa1244771";;;;;;;;;
"ID10077-03-06-06-file.xml";"ID10077";"Procedure\Dossiers\ID10077-03-06-06-file.xml";"Item";"03-06-06-file";;;;;;;;;
"ID10077-03-06-06-réponse.pdf";"ID10077";"Procedure\Dossiers\ID10077-03-06-06-réponse.pdf";"Item";"03-06-06-réponse";;;;;;;;;
"ID10078";"ID0";;"RecordGrp";"Cerfa-1244771-ID10078";;"ID10078";"2106-06-18T00:00:00";"REF-77B49EA5F279";"BOURG";"Edouard";"Avis administratif";"2106-07-03T21:00:00";"OK"
"ID10078-18-06-06-Cerfa1244771-Annexe1.odt";"ID10078";"Procedure\Dossiers\ID10078-18-06-06-Cerfa1244771-Annexe1.odt";"Item";"18-06-06-Cerfa1244771-Annexe1";;;;;;;;;
"ID10078-18-06-06-Cerfa1244771-Annexe2.odt";"ID10078";"Procedure\Dossiers\ID10078-18-06-06-Cerfa1244771-Annexe2.odt";"Item";"18-06-06-Cerfa1244771-Annexe2";;;;;;;;;
"ID10078-18-06-06-Cerfa1244771.odt";"ID10078";"Procedure\Dossiers\ID10078-18-06-06-Cerfa1244771.odt";"Item";"18-06-06-Cerfa1244771";;;;;;;;;
"ID10078-18-06-06-file.xml";"ID10078";"Procedure\Dossiers\ID10078-18-06-06-file.xml";"Item";"18-06-06-file";;;;;;;;;
"ID10078-18-06-06-réponse.pdf";"ID10078";"Procedure\Dossiers\ID10078-18-06-06-réponse.pdf";"Item";"18-06-06-réponse";;;;;;;;;
"ID10079";"ID0";;"RecordGrp";"Cerfa-1244771-ID10079";;"ID10079";"2106-06-25T00:00:00";"REF-2C7BFF4AD0C3";"LEVASSEUR";"Jean";"Avis administratif";"2106-07-09T04:00:00";"OK"
"ID10079-25-06-06-Cerfa1244771-Annexe1.odt";"ID10079";"Procedure\Dossiers\ID10079-25-06-06-Cerfa1244771-Annexe1.odt";"Item";"25-06-06-Cerfa1244771-Annexe1";;;;;;;;;
"ID10079-25-06-06-Cerfa1244771-Annexe2.odt";"ID10079";"Procedure\Dossiers\ID10079-25-06-06-Cerfa1244771-Annexe2.odt";"Item";"25-06-06-Cerfa1244771-Annexe2";;;;;;;;;
"ID10079-25-06-06-Cerfa1244771.odt";"ID10079";"Procedure\Dossiers\ID10079-25-06-06-Cerfa1244771.odt";"Item";"25-06-06-Cerfa1244771";;;;;;;;;
"ID10079-25-06-06-file.xml";"ID10079";"Procedure\Dossiers\ID10079-25-06-06-file.xml";"Item";"25-06-06-file";;;;;;;;;
"ID10079-25-06-06-réponse.pdf";"ID10079";"Procedure\Dossiers\ID10079-25-06-06-réponse.pdf";"Item";"25-06-06-réponse";;;;;;;;;
"ID10080";"ID0";;"RecordGrp";"Cerfa-1244771-ID10080";;"ID10080";"2106-07-13T00:00:00";"REF-12EBF9C6AD0A";"CHEVAL";"Emmanuel";"Avis administratif";"2106-07-25T19:00:00";"OK"
"ID10080-13-07-06-Cerfa1244771-Annexe1.odt";"ID10080";"Procedure\Dossiers\ID10080-13-07-06-Cerfa1244771-Annexe1.odt";"Item";"13-07-06-Cerfa1244771-Annexe1";;;;;;;;;
"ID10080-13-07-06-Cerfa1244771-Annexe2.odt";"ID10080";"Procedure\Dossiers\ID10080-13-07-06-Cerfa1244771-Annexe2.odt";"Item";"13-07-06-Cerfa1244771-Annexe2";;;;;;;;;
"ID10080-13-07-06-Cerfa1244771.odt";"ID10080";"Procedure\Dossiers\ID10080-13-07-06-Cerfa1244771.odt";"Item";"13-07-06-Cerfa1244771";;;;;;;;;
"ID10080-13-07-06-file.xml";"ID10080";"Procedure\Dossiers\ID10080-13-07-06-file.xml";"Item";"13-07-06-file";;;;;;;;;
"ID10080-13-07-06-réponse.pdf";"ID10080";"Procedure\Dossiers\ID10080-13-07-06-réponse.pdf";"Item";"13-07-06-réponse";;;;;;;;;
"ID10081";"ID0";;"RecordGrp";"Cerfa-1244771-ID10081";;"ID10081";"2106-07-23T00:00:00";"REF-CAEA83020EF2";"CHEVAL";"Jean";"Avis administratif";"2106-08-07T23:00:00";"OK"
"ID10081-23-07-06-Cerfa1244771-Annexe1.odt";"ID10081";"Procedure\Dossiers\ID10081-23-07-06-Cerfa1244771-Annexe1.odt";"Item";"23-07-06-Cerfa1244771-Annexe1";;;;;;;;;
"ID10081-23-07-06-Cerfa1244771.odt";"ID10081";"Procedure\Dossiers\ID10081-23-07-06-Cerfa1244771.odt";"Item";"23-07-06-Cerfa1244771";;;;;;;;;
"ID10081-23-07-06-file.xml";"ID10081";"Procedure\Dossiers\ID10081-23-07-06-file.xml";"Item";"23-07-06-file";;;;;;;;;
"ID10081-23-07-06-réponse.pdf";"ID10081";"Procedure\Dossiers\ID10081-23-07-06-réponse.pdf";"Item";"23-07-06-réponse";;;;;;;;;
"ID10082";"ID0";;"RecordGrp";"Cerfa-1244771-ID10082";;"ID10082";"2106-08-03T00:00:00";"REF-E68AFFBA2061";"LEVASSEUR";"Emmanuel";"Avis administratif";"2106-08-19T08:00:00";"OK"
"ID10082-03-08-06-Cerfa1244771-Annexe1.odt";"ID10082";"Procedure\Dossiers\ID10082-03-08-06-Cerfa1244771-Annexe1.odt";"Item";"03-08-06-Cerfa1244771-Annexe1";;;;;;;;;
"ID10082-03-08-06-Cerfa1244771-Annexe2.odt";"ID10082";"Procedure\Dossiers\ID10082-03-08-06-Cerfa1244771-Annexe2.odt";"Item";"03-08-06-Cerfa1244771-Annexe2";;;;;;;;;
"ID10082-03-08-06-Cerfa1244771.odt";"ID10082";"Procedure\Dossiers\ID10082-03-08-06-Cerfa1244771.odt";"Item";"03-08-06-Cerfa1244771";;;;;;;;;
"ID10082-03-08-06-file.xml";"ID10082";"Procedure\Dossiers\ID10082-03-08-06-file.xml";"Item";"03-08-06-file";;;;;;;;;
"ID10082-03-08-06-réponse.pdf";"ID10082";"Procedure\Dossiers\ID10082-03-08-06-réponse.pdf";"Item";"03-08-06-réponse";;;;;;;;;
"ID10083";"ID0";;"RecordGrp";"Cerfa-1244771-ID10083";;"ID10083";"2106-08-11T00:00:00";"REF-507056AA4070";"AFINA";"Nathalie";"Avis administratif";"2106-08-27T21:00:00";"OK"
"ID10083-11-08-06-Cerfa1244771-Annexe1.odt";"ID10083";"Procedure\Dossiers\ID10083-11-08-06-Cerfa1244771-Annexe1.odt";"Item";"11-08-06-Cerfa1244771-Annexe1";;;;;;;;;
"ID10083-11-08-06-Cerfa1244771-Annexe2.odt";"ID10083";"Procedure\Dossiers\ID10083-11-08-06-Cerfa1244771-Annexe2.odt";"Item";"11-08-06-Cerfa1244771-Annexe2";;;;;;;;;
"ID10083-11-08-06-Cerfa1244771.odt";"ID10083";"Procedure\Dossiers\ID10083-11-08-06-Cerfa1244771.odt";"Item";"11-08-06-Cerfa1244771";;;;;;;;;
"ID10083-11-08-06-file.xml";"ID10083";"Procedure\Dossiers\ID10083-11-08-06-file.xml";"Item";"11-08-06-file";;;;;;;;;
"ID10083-11-08-06-réponse.pdf";"ID10083";"Procedure\Dossiers\ID10083-11-08-06-réponse.pdf";"Item";"11-08-06-réponse";;;;;;;;;
"ID10084";"ID0";;"RecordGrp";"Cerfa-1244771-ID10084";;"ID10084";"2106-08-13T00:00:00";"REF-83E292D715CC";"BOURG";"Emmanuel";"Avis administratif";"2106-08-31T12:00:00";"OK"
"ID10084-13-08-06-Cerfa1244771-Annexe1.odt";"ID10084";"Procedure\Dossiers\ID10084-13-08-06-Cerfa1244771-Annexe1.odt";"Item";"13-08-06-Cerfa1244771-Annexe1";;;;;;;;;
"ID10084-13-08-06-Cerfa1244771-Annexe2.odt";"ID10084";"Procedure\Dossiers\ID10084-13-08-06-Cerfa1244771-Annexe2.odt";"Item";"13-08-06-Cerfa1244771-Annexe2";;;;;;;;;
"ID10084-13-08-06-Cerfa1244771.odt";"ID10084";"Procedure\Dossiers\ID10084-13-08-06-Cerfa1244771.odt";"Item";"13-08-06-Cerfa1244771";;;;;;;;;
"ID10084-13-08-06-file.xml";"ID10084";"Procedure\Dossiers\ID10084-13-08-06-file.xml";"Item";"13-08-06-file";;;;;;;;;
"ID10084-13-08-06-réponse.pdf";"ID10084";"Procedure\Dossiers\ID10084-13-08-06-réponse.pdf";"Item";"13-08-06-réponse";;;;;;;;;
"ID10085";"ID0";;"RecordGrp";"Cerfa-1244771-ID10085";;"ID10085";"2106-08-31T00:00:00";"REF-2C7BFF4AD0C3";"LEVASSEUR";"Jean";"Avis administratif";"2106-09-18T12:00:00";"OK"
"ID10085-31-08-06-Cerfa1244771-Annexe1.odt";"ID10085";"Procedure\Dossiers\ID10085-31-08-06-Cerfa1244771-Annexe1.odt";"Item";"31-08-06-Cerfa1244771-Annexe1";;;;;;;;;
"ID10085-31-08-06-Cerfa1244771-Annexe2.odt";"ID10085";"Procedure\Dossiers\ID10085-31-08-06-Cerfa1244771-Annexe2.odt";"Item";"31-08-06-Cerfa1244771-Annexe2";;;;;;;;;
"ID10085-31-08-06-Cerfa1244771.odt";"ID10085";"Procedure\Dossiers\ID10085-31-08-06-Cerfa1244771.odt";"Item";"31-08-06-Cerfa1244771";;;;;;;;;
"ID10085-31-08-06-file.xml";"ID10085";"Procedure\Dossiers\ID10085-31-08-06-file.xml";"Item";"31-08-06-file";;;;;;;;;
"ID10085-31-08-06-réponse.pdf";"ID10085";"Procedure\Dossiers\ID10085-31-08-06-réponse.pdf";"Item";"31-08-06-réponse";;;;;;;;;
"ID10086";"ID0";;"RecordGrp";"Cerfa-1244771-ID10086";;"ID10086";"2106-09-11T00:00:00";"REF-A903056805CB";"ENVERS";"Mehdi";"Avis administratif";"2106-09-29T23:00:00";"OK"
"ID10086-11-09-06-Cerfa1244771-Annexe1.odt";"ID10086";"Procedure\Dossiers\ID10086-11-09-06-Cerfa1244771-Annexe1.odt";"Item";"11-09-06-Cerfa1244771-Annexe1";;;;;;;;;
"ID10086-11-09-06-Cerfa1244771.odt";"ID10086";"Procedure\Dossiers\ID10086-11-09-06-Cerfa1244771.odt";"Item";"11-09-06-Cerfa1244771";;;;;;;;;
"ID10086-11-09-06-file.xml";"ID10086";"Procedure\Dossiers\ID10086-11-09-06-file.xml";"Item";"11-09-06-file";;;;;;;;;
"ID10086-11-09-06-réponse.pdf";"ID10086";"Procedure\Dossiers\ID10086-11-09-06-réponse.pdf";"Item";"11-09-06-réponse";;;;;;;;;
"ID10087";"ID0";;"RecordGrp";"Cerfa-1244771-ID10087";;"ID10087";"2106-09-16T00:00:00";"REF-98B703569D18";"ROMIN";"Mélanie";"Avis administratif";"2106-10-02T13:00:00";"OK"
"ID10087-16-09-06-Cerfa1244771-Annexe1.odt";"ID10087";"Procedure\Dossiers\ID10087-16-09-06-Cerfa1244771-Annexe1.odt";"Item";"16-09-06-Cerfa1244771-Annexe1";;;;;;;;;
"ID10087-16-09-06-Cerfa1244771-Annexe2.odt";"ID10087";"Procedure\Dossiers\ID10087-16-09-06-Cerfa1244771-Annexe2.odt";"Item";"16-09-06-Cerfa1244771-Annexe2";;;;;;;;;
"ID10087-16-09-06-Cerfa1244771.odt";"ID10087";"Procedure\Dossiers\ID10087-16-09-06-Cerfa1244771.odt";"Item";"16-09-06-Cerfa1244771";;;;;;;;;
"ID10087-16-09-06-file.xml";"ID10087";"Procedure\Dossiers\ID10087-16-09-06-file.xml";"Item";"16-09-06-file";;;;;;;;;
"ID10087-16-09-06-réponse.pdf";"ID10087";"Procedure\Dossiers\ID10087-16-09-06-réponse.pdf";"Item";"16-09-06-réponse";;;;;;;;;
"ID10088";"ID0";;"RecordGrp";"Cerfa-1244771-ID10088";;"ID10088";"2106-09-20T00:00:00";"REF-D0753F7063AC";"BORDE";"Mélanie";"Avis administratif";"2106-10-07T13:00:00";"OK"
"ID10088-20-09-06-Cerfa1244771-Annexe1.odt";"ID10088";"Procedure\Dossiers\ID10088-20-09-06-Cerfa1244771-Annexe1.odt";"Item";"20-09-06-Cerfa1244771-Annexe1";;;;;;;;;
"ID10088-20-09-06-Cerfa1244771-Annexe2.odt";"ID10088";"Procedure\Dossiers\ID10088-20-09-06-Cerfa1244771-Annexe2.odt";"Item";"20-09-06-Cerfa1244771-Annexe2";;;;;;;;;
"ID10088-20-09-06-Cerfa1244771.odt";"ID10088";"Procedure\Dossiers\ID10088-20-09-06-Cerfa1244771.odt";"Item";"20-09-06-Cerfa1244771";;;;;;;;;
"ID10088-20-09-06-file.xml";"ID10088";"Procedure\Dossiers\ID10088-20-09-06-file.xml";"Item";"20-09-06-file";;;;;;;;;
"ID10088-20-09-06-réponse.pdf";"ID10088";"Procedure\Dossiers\ID10088-20-09-06-réponse.pdf";"Item";"20-09-06-réponse";;;;;;;;;
"ID10089";"ID0";;"RecordGrp";"Cerfa-1244771-ID10089";;"ID10089";"2106-09-25T00:00:00";"REF-583E2B9CF81A";"CHEVAL";"Pierre";"Avis administratif";"2106-10-12T03:00:00";"OK"
"ID10089-25-09-06-Cerfa1244771-Annexe1.odt";"ID10089";"Procedure\Dossiers\ID10089-25-09-06-Cerfa1244771-Annexe1.odt";"Item";"25-09-06-Cerfa1244771-Annexe1";;;;;;;;;
"ID10089-25-09-06-Cerfa1244771-Annexe2.odt";"ID10089";"Procedure\Dossiers\ID10089-25-09-06-Cerfa1244771-Annexe2.odt";"Item";"25-09-06-Cerfa1244771-Annexe2";;;;;;;;;
"ID10089-25-09-06-Cerfa1244771.odt";"ID10089";"Procedure\Dossiers\ID10089-25-09-06-Cerfa1244771.odt";"Item";"25-09-06-Cerfa1244771";;;;;;;;;
"ID10089-25-09-06-file.xml";"ID10089";"Procedure\Dossiers\ID10089-25-09-06-file.xml";"Item";"25-09-06-file";;;;;;;;;
"ID10089-25-09-06-réponse.pdf";"ID10089";"Procedure\Dossiers\ID10089-25-09-06-réponse.pdf";"Item";"25-09-06-réponse";;;;;;;;;
"ID10090";"ID0";;"RecordGrp";"Cerfa-1244771-ID10090";;"ID10090";"2106-10-07T00:00:00";"REF-16F14A19BF22";"AFINA";"Edouard";"Avis administratif";"2106-10-23T03:00:00";"OK"
"ID10090-07-10-06-Cerfa1244771-Annexe1.odt";"ID10090";"Procedure\Dossiers\ID10090-07-10-06-Cerfa1244771-Annexe1.odt";"Item";"07-10-06-Cerfa1244771-Annexe1";;;;;;;;;
"ID10090-07-10-06-Cerfa1244771-Annexe2.odt";"ID10090";"Procedure\Dossiers\ID10090-07-10-06-Cerfa1244771-Annexe2.odt";"Item";"07-10-06-Cerfa1244771-Annexe2";;;;;;;;;
"ID10090-07-10-06-Cerfa1244771.odt";"ID10090";"Procedure\Dossiers\ID10090-07-10-06-Cerfa1244771.odt";"Item";"07-10-06-Cerfa1244771";;;;;;;;;
"ID10090-07-10-06-file.xml";"ID10090";"Procedure\Dossiers\ID10090-07-10-06-file.xml";"Item";"07-10-06-file";;;;;;;;;
"ID10090-07-10-06-réponse.pdf";"ID10090";"Procedure\Dossiers\ID10090-07-10-06-réponse.pdf";"Item";"07-10-06-réponse";;;;;;;;;
"ID10091";"ID0";;"RecordGrp";"Cerfa-1244771-ID10091";;"ID10091";"2106-10-07T00:00:00";"REF-16F14A19BF22";"AFINA";"Edouard";"Avis administratif";"2106-10-24T16:00:00";"OK"
"ID10091-07-10-06-Cerfa1244771-Annexe1.odt";"ID10091";"Procedure\Dossiers\ID10091-07-10-06-Cerfa1244771-Annexe1.odt";"Item";"07-10-06-Cerfa1244771-Annexe1";;;;;;;;;
"ID10091-07-10-06-Cerfa1244771-Annexe2.odt";"ID10091";"Procedure\Dossiers\ID10091-07-10-06-Cerfa1244771-Annexe2.odt";"Item";"07-10-06-Cerfa1244771-Annexe2";;;;;;;;;
"ID10091-07-10-06-Cerfa1244771.odt";"ID10091";"Procedure\Dossiers\ID10091-07-10-06-Cerfa1244771.odt";"Item";"07-10-06-Cerfa1244771";;;;;;;;;
"ID10091-07-10-06-file.xml";"ID10091";"Procedure\Dossiers\ID10091-07-10-06-file.xml";"Item";"07-10-06-file";;;;;;;;;
"ID10091-07-10-06-réponse.pdf";"ID10091";"Procedure\Dossiers\ID10091-07-10-06-réponse.pdf";"Item";"07-10-06-réponse";;;;;;;;;
"ID10092";"ID0";;"RecordGrp";"Cerfa-1244771-ID10092";;"ID10092";"2106-10-10T00:00:00";"REF-CAEA83020EF2";"CHEVAL";"Jean";"Avis administratif";"2106-10-22T18:00:00";"OK"
"ID10092-10-10-06-Cerfa1244771-Annexe1.odt";"ID10092";"Procedure\Dossiers\ID10092-10-10-06-Cerfa1244771-Annexe1.odt";"Item";"10-10-06-Cerfa1244771-Annexe1";;;;;;;;;
"ID10092-10-10-06-Cerfa1244771-Annexe2.odt";"ID10092";"Procedure\Dossiers\ID10092-10-10-06-Cerfa1244771-Annexe2.odt";"Item";"10-10-06-Cerfa1244771-Annexe2";;;;;;;;;
"ID10092-10-10-06-Cerfa1244771.odt";"ID10092";"Procedure\Dossiers\ID10092-10-10-06-Cerfa1244771.odt";"Item";"10-10-06-Cerfa1244771";;;;;;;;;
"ID10092-10-10-06-file.xml";"ID10092";"Procedure\Dossiers\ID10092-10-10-06-file.xml";"Item";"10-10-06-file";;;;;;;;;
"ID10092-10-10-06-réponse.pdf";"ID10092";"Procedure\Dossiers\ID10092-10-10-06-réponse.pdf";"Item";"10-10-06-réponse";;;;;;;;;
"ID10093";"ID0";;"RecordGrp";"Cerfa-1244771-ID10093";;"ID10093";"2106-10-21T00:00:00";"REF-22649833BFF8";"AFINA";"Emmanuel";"Avis administratif";"2106-11-01T15:00:00";"OK"
"ID10093-21-10-06-Cerfa1244771-Annexe1.odt";"ID10093";"Procedure\Dossiers\ID10093-21-10-06-Cerfa1244771-Annexe1.odt";"Item";"21-10-06-Cerfa1244771-Annexe1";;;;;;;;;
"ID10093-21-10-06-Cerfa1244771-Annexe2.odt";"ID10093";"Procedure\Dossiers\ID10093-21-10-06-Cerfa1244771-Annexe2.odt";"Item";"21-10-06-Cerfa1244771-Annexe2";;;;;;;;;
"ID10093-21-10-06-Cerfa1244771.odt";"ID10093";"Procedure\Dossiers\ID10093-21-10-06-Cerfa1244771.odt";"Item";"21-10-06-Cerfa1244771";;;;;;;;;
"ID10093-21-10-06-file.xml";"ID10093";"Procedure\Dossiers\ID10093-21-10-06-file.xml";"Item";"21-10-06-file";;;;;;;;;
"ID10093-21-10-06-réponse.pdf";"ID10093";"Procedure\Dossiers\ID10093-21-10-06-réponse.pdf";"Item";"21-10-06-réponse";;;;;;;;;
"ID10094";"ID0";;"RecordGrp";"Cerfa-1244771-ID10094";;"ID10094";"2106-10-29T00:00:00";"REF-7980AEA36EBA";"LEVASSEUR";"Nathalie";"Avis administratif";"2106-11-15T05:00:00";"OK"
"ID10094-29-10-06-Cerfa1244771-Annexe1.odt";"ID10094";"Procedure\Dossiers\ID10094-29-10-06-Cerfa1244771-Annexe1.odt";"Item";"29-10-06-Cerfa1244771-Annexe1";;;;;;;;;
"ID10094-29-10-06-Cerfa1244771-Annexe2.odt";"ID10094";"Procedure\Dossiers\ID10094-29-10-06-Cerfa1244771-Annexe2.odt";"Item";"29-10-06-Cerfa1244771-Annexe2";;;;;;;;;
"ID10094-29-10-06-Cerfa1244771.odt";"ID10094";"Procedure\Dossiers\ID10094-29-10-06-Cerfa1244771.odt";"Item";"29-10-06-Cerfa1244771";;;;;;;;;
"ID10094-29-10-06-file.xml";"ID10094";"Procedure\Dossiers\ID10094-29-10-06-file.xml";"Item";"29-10-06-file";;;;;;;;;
"ID10094-29-10-06-réponse.pdf";"ID10094";"Procedure\Dossiers\ID10094-29-10-06-réponse.pdf";"Item";"29-10-06-réponse";;;;;;;;;
"ID10095";"ID0";;"RecordGrp";"Cerfa-1244771-ID10095";;"ID10095";"2106-11-11T23:00:00";"REF-510684198B05";"LEVASSEUR";"Mehdi";"Avis administratif";"2106-11-30T04:00:00";"OK"
"ID10095-11-11-06-Cerfa1244771-Annexe1.odt";"ID10095";"Procedure\Dossiers\ID10095-11-11-06-Cerfa1244771-Annexe1.odt";"Item";"11-11-06-Cerfa1244771-Annexe1";;;;;;;;;
"ID10095-11-11-06-Cerfa1244771-Annexe2.odt";"ID10095";"Procedure\Dossiers\ID10095-11-11-06-Cerfa1244771-Annexe2.odt";"Item";"11-11-06-Cerfa1244771-Annexe2";;;;;;;;;
"ID10095-11-11-06-Cerfa1244771.odt";"ID10095";"Procedure\Dossiers\ID10095-11-11-06-Cerfa1244771.odt";"Item";"11-11-06-Cerfa1244771";;;;;;;;;
"ID10095-11-11-06-file.xml";"ID10095";"Procedure\Dossiers\ID10095-11-11-06-file.xml";"Item";"11-11-06-file";;;;;;;;;
"ID10095-11-11-06-réponse.pdf";"ID10095";"Procedure\Dossiers\ID10095-11-11-06-réponse.pdf";"Item";"11-11-06-réponse";;;;;;;;;
"ID10096";"ID0";;"RecordGrp";"Cerfa-1244771-ID10096";;"ID10096";"2106-11-11T23:00:00";"REF-D54AF495DEB0";"ROMIN";"Edouard";"Avis administratif";"2106-11-25T05:00:00";"OK"
"ID10096-11-11-06-Cerfa1244771-Annexe1.odt";"ID10096";"Procedure\Dossiers\ID10096-11-11-06-Cerfa1244771-Annexe1.odt";"Item";"11-11-06-Cerfa1244771-Annexe1";;;;;;;;;
"ID10096-11-11-06-Cerfa1244771-Annexe2.odt";"ID10096";"Procedure\Dossiers\ID10096-11-11-06-Cerfa1244771-Annexe2.odt";"Item";"11-11-06-Cerfa1244771-Annexe2";;;;;;;;;
"ID10096-11-11-06-Cerfa1244771.odt";"ID10096";"Procedure\Dossiers\ID10096-11-11-06-Cerfa1244771.odt";"Item";"11-11-06-Cerfa1244771";;;;;;;;;
"ID10096-11-11-06-file.xml";"ID10096";"Procedure\Dossiers\ID10096-11-11-06-file.xml";"Item";"11-11-06-file";;;;;;;;;
"ID10096-11-11-06-réponse.pdf";"ID10096";"Procedure\Dossiers\ID10096-11-11-06-réponse.pdf";"Item";"11-11-06-réponse";;;;;;;;;
"ID10097";"ID0";;"RecordGrp";"Cerfa-1244771-ID10097";;"ID10097";"2106-11-18T23:00:00";"REF-BE3AE7E100CD";"BORDE";"Emmanuel";"Avis administratif";"2106-11-30T12:00:00";"OK"
"ID10097-18-11-06-Cerfa1244771-Annexe1.odt";"ID10097";"Procedure\Dossiers\ID10097-18-11-06-Cerfa1244771-Annexe1.odt";"Item";"18-11-06-Cerfa1244771-Annexe1";;;;;;;;;
"ID10097-18-11-06-Cerfa1244771-Annexe2.odt";"ID10097";"Procedure\Dossiers\ID10097-18-11-06-Cerfa1244771-Annexe2.odt";"Item";"18-11-06-Cerfa1244771-Annexe2";;;;;;;;;
"ID10097-18-11-06-Cerfa1244771.odt";"ID10097";"Procedure\Dossiers\ID10097-18-11-06-Cerfa1244771.odt";"Item";"18-11-06-Cerfa1244771";;;;;;;;;
"ID10097-18-11-06-file.xml";"ID10097";"Procedure\Dossiers\ID10097-18-11-06-file.xml";"Item";"18-11-06-file";;;;;;;;;
"ID10097-18-11-06-réponse.pdf";"ID10097";"Procedure\Dossiers\ID10097-18-11-06-réponse.pdf";"Item";"18-11-06-réponse";;;;;;;;;
"ID10098";"ID0";;"RecordGrp";"Cerfa-1244771-ID10098";;"ID10098";"2106-11-20T23:00:00";"REF-D73EF99919FA";"LAZOTE";"Jean";"Avis administratif";"2106-12-07T04:00:00";"OK"
"ID10098-20-11-06-Cerfa1244771-Annexe1.odt";"ID10098";"Procedure\Dossiers\ID10098-20-11-06-Cerfa1244771-Annexe1.odt";"Item";"20-11-06-Cerfa1244771-Annexe1";;;;;;;;;
"ID10098-20-11-06-Cerfa1244771-Annexe2.odt";"ID10098";"Procedure\Dossiers\ID10098-20-11-06-Cerfa1244771-Annexe2.odt";"Item";"20-11-06-Cerfa1244771-Annexe2";;;;;;;;;
"ID10098-20-11-06-Cerfa1244771.odt";"ID10098";"Procedure\Dossiers\ID10098-20-11-06-Cerfa1244771.odt";"Item";"20-11-06-Cerfa1244771";;;;;;;;;
"ID10098-20-11-06-file.xml";"ID10098";"Procedure\Dossiers\ID10098-20-11-06-file.xml";"Item";"20-11-06-file";;;;;;;;;
"ID10098-20-11-06-réponse.pdf";"ID10098";"Procedure\Dossiers\ID10098-20-11-06-réponse.pdf";"Item";"20-11-06-réponse";;;;;;;;;
"ID10099";"ID0";;"RecordGrp";"Cerfa-1244771-ID10099";;"ID10099";"2106-12-02T23:00:00";"REF-507056AA4070";"AFINA";"Nathalie";"Avis administratif";"2106-12-21T13:00:00";"OK"
"ID10099-02-12-06-Cerfa1244771-Annexe1.odt";"ID10099";"Procedure\Dossiers\ID10099-02-12-06-Cerfa1244771-Annexe1.odt";"Item";"02-12-06-Cerfa1244771-Annexe1";;;;;;;;;
"ID10099-02-12-06-Cerfa1244771-Annexe2.odt";"ID10099";"Procedure\Dossiers\ID10099-02-12-06-Cerfa1244771-Annexe2.odt";"Item";"02-12-06-Cerfa1244771-Annexe2";;;;;;;;;
"ID10099-02-12-06-Cerfa1244771.odt";"ID10099";"Procedure\Dossiers\ID10099-02-12-06-Cerfa1244771.odt";"Item";"02-12-06-Cerfa1244771";;;;;;;;;
"ID10099-02-12-06-file.xml";"ID10099";"Procedure\Dossiers\ID10099-02-12-06-file.xml";"Item";"02-12-06-file";;;;;;;;;
"ID10099-02-12-06-réponse.pdf";"ID10099";"Procedure\Dossiers\ID10099-02-12-06-réponse.pdf";"Item";"02-12-06-réponse";;;;;;;;;
